codeGeo;partPop0_14;partPop15_24;partPop25_59;partPop60_74;partPop75p;indiceJeunesse;partPopF;partPop0_14F;partPop15_24F;partPop25_59F;partPop60_74F;partPop75pF;indiceJeunesseF;indiceJeunesseH;partPopEt;partPop0_14Et;partPop15_24Et;partPop25_59Et;partPop60_74Et;partPop75pEt;indiceJeunesseEt;partPopEtF;partPopImmi;partPersMajFr;txEmp;txEmpF;txEmpH;txEmpEt;txEmp15_24;txEmp25_54;txEmp55_64;partEmpPrec;partEmpPrecF;partEmpPrecEt;txAct15_24;txAct25_54;txAct55_64;txActF;txActH;partArtCadr;partPI;partEmpl;partOuvr;partTpsPart;txChom;part16_25nonScolNonEmp;partVoit;partTEC;partMenVoit;partPopBepCap;partPopBac;partPopBacSup;partPopBepCapF;partPopBacF;partPopBacSupF;partPopBepCapEt;partPopBacEt;partPopBacSupEt;partPopSansDip;partPopSansDipF;partPopSansDipEt;txScol15_24;txScol15_24F;txScol15_24H;txScol15_24Et;partMen1p;partMen2p;partMen3p;partMen45p;partMen6pp;partMen1p60_74;partMen1p75p;partMen1pF;partMen1pEt;partMen1p60_74F;partMen1p75pF;partMen1p60_74Et;partMen1p75pEt;partMenEt;partMen6ppEt;partMenImmi;partFamMono;partMenProp;partMenLoc;partMenLogGrat;partResPrinc;partResSec;partResoccas;partResVac;partResPrincApp;partResPrincMai;nbPersResPrinc;partResPrinc1pi;partResPrinc2pi;partResPrinc3pi;partResPrinc4pi;partResPrinc5pi;partResPrinc30;partResPrinc30_40;partResPrinc40_60;partResPrinc60_80;partResPrinc80_100;partResPrinc100_120;partResPrinc120plus;partResPrincAch19;partResPrincAch19_45;partResPrincAch46_70;partResPrincAch71_90;partResPrincAch91_05;partResPrincAch06_14;partResPrincEmm2;partResPrincEmm2_4;partResPrincEmm5_9;partResPrincEmm10;partResPrincSurocc;partResPrincSurocc2pi;partResPrincSurocc3pi;partResPrincSurocc4pi;partResPrincSurocc5pi
01;25,5;12,7;42,5;13,4;5,9;1,7;52,4;24,4;11,5;42,8;14,2;7;1,4;2;29,5;23,1;8,3;47;16,6;5;1,3;28,9;36,8;68,7;46,4;38,6;54,9;42,8;27,2;55,7;36,4;29,9;28;40,3;45,4;78,5;46,7;58,2;74,6;8,1;14,3;29;48,5;23,1;29,7;29,9;68,9;12,9;69,6;24,6;13,5;11,4;20,9;13,9;11,4;11,3;10,9;10,1;50,5;53,7;67,6;55,8;53,9;57,4;54,5;38,6;24,1;13,4;18,7;5,2;28,2;18,8;58,1;16,6;68,1;83,7;18;13,1;27,9;42,7;43,2;24,6;6,5;93;;92,4;0,3;0,5;6,9;96,1;3,1;2,4;4,7;16,4;34,1;30,7;14,1;1,7;6,2;26,3;43;19,9;2,4;;0,5;;44,5;45,1;4,2;2,8;12,9;24,8;20,5;41,8;9,5;11;10,9;8;4,2
02;24,5;14;41,2;13,7;6,5;1,6;53,8;22,2;13,2;40,9;15,2;8,5;1,2;2,2;12,1;27,8;9,6;46,2;12,4;4,1;2;11,5;13,8;88,2;36,3;32,2;41,1;29,6;21;45,3;27,1;29,2;29,9;39,3;46,5;76,8;40,3;56,1;70,9;5,7;12,6;37,1;44,6;27,6;42,1;41,9;66,3;14,2;56,2;28,1;11,7;8,6;24,5;11,8;8,5;13,8;11,2;9,9;51,6;55,3;65,1;46,5;44,8;48,1;54,3;43,9;24,9;13,7;14;3,5;29,5;19,8;59,9;5;72;83,8;4,4;4,8;10;29,2;14,8;36,3;10,3;89;0,6;91,7;;0,5;7,7;85,2;14,2;2,2;3,4;14,8;35,1;29,3;17,4;2,6;6,3;27,5;41,3;15,9;4,2;2,2;1,6;7,4;43,3;41;4,8;1,5;14,5;24,8;18,9;41,8;6,1;8,5;6,7;5,3;2,5
03;18,8;15,5;38,4;15,9;11,3;1;53;16;12,4;38,4;18,1;15;0,7;1,6;13,9;22,8;13,9;44,8;11,4;7,2;1,6;12,7;18,1;87;39,6;36,7;42,7;27,7;27,2;49,7;26,2;27,8;29,5;41,5;46,1;75,6;38;57,1;65,4;9,7;15,6;40,4;34,2;27,4;34,8;27;63,6;11,5;59,6;28,4;13,3;10,9;25;13,5;9,7;14;7;9,4;47,3;51,8;69,5;57,9;53,8;60,9;60,2;57,9;21;10,1;9,1;1,9;26,6;21,2;57,4;5,6;67,2;82;;;10,6;39;17,8;34,2;17,3;81,8;0,9;77;1;1,4;20,7;84,5;12,9;1,8;8,3;18,4;37,8;26;9,4;8,5;7,6;27,5;36,9;15,4;2,6;1,4;2,5;8,3;40,4;33,8;4,7;10;17,9;25,9;19,5;36,6;4,4;6,3;4,7;2,9;
04;19,4;12,8;44,1;14,8;8,9;1,1;50,4;18,6;13;42,7;14,6;11,2;1;1,2;16,9;17,9;12,8;49,2;15,2;4,9;;16,1;24;82,6;46,8;44,2;49,2;30,4;30,7;54,8;37,8;19;18,8;18,8;45,5;76,9;46,3;61,8;67,7;;;;;22,3;27,6;31,7;62,6;8;63,3;26,2;16;17,9;21,2;17,3;19,3;11,7;;15,5;39,9;42,3;63,6;48,3;52,1;44,3;34,2;51,5;25,6;10,3;9,9;2,8;23,5;17,6;50,7;9,6;52,1;82,5;;;13,6;44,7;22,8;29,4;29,2;68,7;;75,5;2,3;;21,3;87,5;12,4;1,9;11,3;22,1;30,4;26;10,3;7,3;13,7;24,4;35,1;13,6;3,8;2;19,1;16,8;34,6;21,5;;;20;25,3;18,8;35,9;8,6;;8,1;5,1;
05;25,2;15,6;40,2;12,4;;;50,4;24,9;12,3;42,1;;;;;30,7;27,3;;41,6;14,4;;;27,4;31,8;69,1;35,6;31,1;40;25,2;;50,1;30,4;35,9;34,8;34;24,3;77,2;37;51,4;59,2;;16,9;34,2;37,6;34,2;35,5;35,6;78,4;13,6;70;25,9;11;17,1;;;20,3;;;8,1;46;49,8;78,3;62,2;75,8;53,1;;41,4;21,2;10,8;22;;29,4;;52,4;;52,7;69;;;26;56,2;33,5;30,3;;78,1;0;94;0;;;86,2;13,8;2,4;;;27,8;38;;;;19,9;34;27,2;;;0;;65,6;;;;13,3;20,1;19,2;47,5;;;;;
06;23,6;14,2;41,9;13,5;6,8;1,5;50,8;22,2;13,8;43,5;13,2;7,3;1,4;1,6;26,6;21,1;9,2;47,3;16,4;6,1;1,1;24,3;31,5;71,8;45,2;40,5;50,4;38,3;22,7;56,5;37,3;19,1;19,1;23,4;38,7;75,1;47,1;55,6;68,3;10,6;13,8;40,8;34,8;20,3;26,4;28,7;52,3;30;58,4;23;13;13,2;19,9;13,5;12,5;13,7;10,1;12,7;50,8;54,1;63,5;58,8;61,4;56,3;57,3;33,8;25,1;15,6;19,9;5,6;30,1;21,7;55,1;17,3;60,6;77,1;18,3;12,1;25,7;43,8;38,9;31,5;19,4;79,5;1,1;82,5;3,2;0,7;13,6;97,4;2;2,6;9;23,6;37,3;24;6,1;6,7;11;29;36,3;13,5;2,8;0,7;11,2;5,8;39,7;30,9;5,7;5,9;10,9;19,5;20;49,6;24,5;28,2;25,2;17;10,9
07;21,4;13,9;42,2;13,2;9,3;1,3;52;19,3;14;40,4;14,7;11,7;1;1,7;19,3;22,4;8,1;48,6;15,4;5,6;1,3;18,7;23,8;80,8;41,9;38;46;33,7;29,2;49,4;31,4;33,3;34,3;45,7;47,2;78,5;40,8;60,1;70,9;10,5;14,7;34,1;40,7;27,6;35,7;30,2;74,6;4,6;70,3;24,6;15;13,9;20,8;15,7;13,9;11,6;11,1;7,9;46,5;49,6;69,4;50,5;55,3;45,3;52,4;50,4;24,6;9,9;12;3,1;23;16,1;52,8;10,8;64,5;79,6;14;9,5;16,7;36,1;25;27,5;17,3;81;1,7;80;;;17,6;85,4;13,9;2;;22,1;34,1;25,3;13,5;;10;26,6;37;17,1;3,2;2,6;22,5;7,5;34,1;22,3;8,2;4,3;21;28,4;18,1;32,5;6,1;7,6;5,4;6,1;
08;19,3;13,8;44;15,7;7,2;1,1;52,3;18,2;12,6;43,7;16,5;9,1;0,9;1,4;11,2;16,3;6,5;45,5;22,8;8,8;0,6;10,4;13,7;88;36,2;28,3;44,5;22,3;26,3;43,2;26,4;31,9;26,4;38,9;48,5;73,6;38,4;51,9;70,8;7;14;40,3;38,6;22,3;40,4;37,8;66,8;7,2;55,6;28,1;12;9,5;23,1;10,3;10,5;10,8;9,6;8,8;50,3;56,1;70,8;43,8;47,6;40,2;50,2;50;25,4;11,2;11,3;2,2;29,5;16,6;56,2;7;64,2;83,4;8,1;8,6;10,6;26,9;14,9;32,1;9,3;90,2;0,5;86,6;;0,4;13;88;10,8;2;5,7;19;33,9;27;14,5;3;8,8;25,8;35,5;19,4;6;1,5;8,4;6,5;38,7;36;2,9;5,7;16,8;28,2;19,2;35,8;4;4,3;4;3,7;
09;14;15,4;43,7;15,5;11,4;0,7;52,4;13,6;15,5;40,6;15,6;14,7;0,6;0,9;12,6;14,7;15,6;51,9;11,8;6;1,3;10,9;16,4;87,7;45,1;40,3;49,8;39,2;36,1;52,5;32,3;26,2;22,7;41;54,3;78,4;47,3;61,2;73,3;17,9;17,8;32,9;30,7;24,9;32,7;27,5;60,9;5,5;59,1;24,9;15,9;20,7;20,6;15,3;20;13,9;11,6;15,8;38,5;44,1;58,7;50,5;52,4;48,4;66,6;66,1;20,4;7,4;5,6;0,6;21,4;15,6;50,7;8,9;53;80,2;;;11,1;;16,8;31,4;18,6;79,6;1,8;76,2;1,3;1,6;21;78,6;19,7;1,6;12;27,9;32,4;16,4;11,2;9,9;14,7;25,4;26,2;13,5;5,8;4,4;29,8;18,4;26,8;15,2;7,5;1,3;28,2;28,4;15,3;28,2;4,8;6,1;4,5;2,7;
10;27,4;14,9;39,7;12,5;5,6;1,9;53,1;24,7;14,2;40,7;13,1;7,2;1,6;2,5;23,2;27,9;10;46,3;11,4;4,4;2,1;23,1;26,8;76,5;34,9;29,8;41;26,2;18,9;43,6;28,1;29,5;32;39,5;39,9;75,7;43,4;55,6;68,4;6,1;11,8;38,6;43,2;26,2;43;35;64,7;15,8;53,1;23,6;11,7;10,1;20,2;11,6;9,6;11,7;9,8;8;54,6;58,7;70,5;56;57,9;54;54,2;44;22,3;13,7;15,7;4,2;29,3;17;53,6;13,7;63,3;82,3;13,2;10,6;21,3;40,6;32,3;39,6;7,3;92,1;0,6;92;;1;6,9;93,5;5,3;2,3;8;20,3;36,1;26,3;9,2;5,3;8,1;27,8;39,3;14,8;3,6;1;;1,6;57;29,7;5,5;3,6;16,8;28,9;19,4;34,9;11;8,4;12,2;11;7,5
11;20,9;14,7;42,2;13,3;8,9;1,3;52,6;19,5;14;41,6;13,9;11;1,1;1,5;16,5;20,9;11,2;49,6;13,2;5,1;1,5;15,3;19,7;83,4;37,6;33,3;42,3;27;24;45,4;29,3;27,6;26,8;39,8;45,4;74;44,2;56;69;13,7;16,2;35,9;33,9;24,5;39,1;39;63;7,4;60,9;24,8;15,8;16,6;20,4;15,8;17,9;16,5;10,6;12,1;42,8;45,8;60,7;46,4;48,7;44;42,8;50,4;24,6;11,7;11,4;1,9;23,2;16,9;51,3;10,2;60;79,5;11,2;6,4;14,6;41;20,9;34,6;19,9;79;1,2;77,9;2,7;1;18,4;79,6;19,7;2;9,1;22,3;30;24,1;14,5;8;12,2;23,2;28,1;19,2;5,6;3,6;30,3;9,1;28,7;21,3;7,5;2,2;23,2;25,9;17,1;33,9;7;9,1;7,7;5,7;
12;22,5;16,7;41,3;12;7,5;1,6;50,8;22,1;15,2;41;13,4;8,3;1,4;1,9;25,8;26,1;9;44,1;11,7;9,2;1,5;24,1;32;74,6;43,5;38,6;48,3;43,4;35,3;50;34,7;28,4;30,2;28,7;51,6;73;47,4;56,8;69;;;;;25,8;30,4;28,9;67,8;4;63,1;28,1;15,3;10,5;23,2;14,9;10,4;11,9;10,9;11;46,2;51,6;66,2;53,8;53,4;54,1;48;49;23,4;11,4;13,7;2,5;23,1;16,8;47,5;13,6;66,6;65,3;;;22;41,2;32,1;31,2;11,8;86,6;1,6;70,7;;;25,7;85,7;12,2;2,1;6;24,5;34,5;23,8;11,2;;11;30,1;34,6;15,1;;;34,9;;32,5;21,8;;2,5;22,4;25,8;18,9;32,9;8;15,5;;;3
13;23,9;14,5;42,7;12,5;6,4;1,7;51,7;22,5;14;43,9;12,5;7,2;1,5;1,8;19,7;21,6;8,4;51,9;12,4;5,7;1,4;18,6;26,8;79;39,2;34,7;44,2;31,2;18;49;33,4;21,5;22,2;26,9;33;69,5;44;50,5;63,7;11,3;16,3;39,2;33,1;25,2;30,5;29,4;53,2;30,9;54,4;21,8;13,8;15,6;19,5;14,5;15,9;11,2;9,7;12,2;48,7;50,1;66,9;61,6;63,3;60;55,3;37,8;24,4;14,1;18,5;5,2;27,9;18,6;51,8;16,9;58,4;73,9;14,7;11,2;20,4;33,6;34;33,7;16,8;82;1,2;88,6;1,3;0,5;9,6;93,4;5,6;2,4;9;18,9;36,1;26,4;9,6;7,8;12,2;26,9;35,5;13,9;2,4;1,2;13,2;11,4;44,2;21,9;4,4;4,1;12,4;22,5;18,6;46,4;18,6;23,7;18,9;13,9;8,3
14;24,2;15,8;41,3;12,6;6,1;1,7;53,9;21,3;14,4;42,5;13,9;8;1,3;2,5;16;27;14;47,9;7,8;3,3;3;14,2;17,8;84,4;39,8;37,3;42,8;31,9;19,7;50,1;34,1;27,3;26,9;39,1;38,5;75,2;45,3;58;64,6;6,9;12,5;41,3;39,2;30,9;34,6;29,5;57,3;25,2;56,3;28,9;12,1;11,8;26,3;12,1;11,6;14,8;13,5;18,6;47,1;50;53,1;61,4;61;61,8;71,5;43;25,4;14,2;14,4;3;28,5;17,8;60,4;7,9;67,9;86,5;5,4;4,4;13,6;31,3;20;40,5;6,7;92,6;0,7;92,7;0,3;0,3;6,7;93,3;4,7;2,2;5;16,1;36,2;28,4;14,4;3,6;8,2;28,1;39,6;15,9;3,3;1,2;0,3;1,2;55,7;32,4;3,3;5,9;13,1;26;20,6;40,2;6,8;9,3;6,5;6,2;3,8
15;20,3;12,8;46,7;13,7;;;50,2;17,3;10,1;50,1;;;;;19,8;24,5;;52,3;;;;16,3;23,9;80,5;42,7;45,4;40;38,6;;50,3;40;31,8;32,2;;34;75,7;44,4;63,4;60,9;;12,5;39,1;42,8;23,4;30,9;;56,6;;59,6;38,2;11;10,6;34;14,7;10,9;;;;40,3;40,4;47,4;58,4;66,5;;;43,8;26,8;12,4;14,4;;27,4;;52,3;;64,4;90,3;0;0;16,5;;23,2;30,9;20;76,9;;87,3;;;;77,3;22,7;2,1;0;;26,8;35,3;25,4;0;;24,8;34;32,3;;0;;0;43,7;50,1;;;15;20,6;18,8;45,6;;0;;;0
16;24,7;13,6;42,8;13,2;5,6;1,7;54,6;22,1;12,9;42,8;15,3;6,9;1,3;2,4;17;26,9;10,9;51,9;7,9;2,3;3,2;15,5;20,9;83,3;36;31,7;41,2;30,9;22,4;42,6;30,4;33,6;32,2;45,5;48,1;76,8;47,7;60,3;71,6;6,9;13,1;38,3;41,4;26,9;44,7;39,6;70,3;17,1;61,2;28,8;13,6;10,5;24,1;13,8;10,9;15,7;13,6;11,1;47,1;51,2;59,6;49,5;44,6;54,6;55,2;50;23,1;11;12,4;3,6;29,6;13,5;57,3;8,3;73,9;78,6;6,2;5,1;14,8;36,5;22,6;42,8;6,5;92,8;;91,3;;;8,1;89,7;8,4;2,1;4,1;14,5;35,1;32,2;14,2;1,9;5,4;22,7;47;18,3;3,5;1,3;1,6;3,3;47,7;38,9;5;2,9;15,8;25,5;20,7;37,9;6,1;11,3;4,7;4,7;4,3
17;21,4;13,8;43;14,3;7,5;1,3;54,4;18,8;12,3;42,8;16,3;9,8;1;2;12,6;26;12,7;48,9;8,6;3,8;2,7;11,2;15,2;88;42,6;38,9;46,9;36,8;25,8;51,5;34;29,6;27,9;44,6;47,6;78,1;45,6;61;70,4;7,1;14,1;42,2;36,5;29,8;34,5;36,8;66,7;14,6;64,1;33,8;13,9;11,7;30,5;13,4;11,4;16,6;13,3;18,4;40,6;44,8;51,7;53,2;49,8;56,5;56,5;48,3;25,8;12,2;11,3;2,3;31,3;18,9;60,2;4,3;69,2;83,8;3,5;;9,3;37,6;15;44;7,4;91,7;0,9;91,8;1,8;0,7;5,6;91,2;8,2;2;4,1;19,1;35,6;28,5;12,7;2,2;9,3;27,3;42,4;14,4;3,1;1,2;7,2;1,3;51,1;31,5;3,5;4,6;13,9;25;19,4;41,7;4,7;5,6;4,1;4,8;
18;21,1;14,6;42;14,1;8,2;1,3;53,6;19,6;12,3;42,2;15,4;10,5;1;1,8;17,1;26,5;8,2;49,8;11;4,5;2;16,1;19,9;83,7;37,7;35,2;40,5;26,3;24,4;44,8;32,4;29,6;29,5;42,1;43,3;74,4;46,5;57,6;66,5;7,5;13,1;39,8;39,4;26,5;38,8;35,6;65,5;13;58,3;27,4;13,1;12,2;23,6;13,8;12;13,5;11,1;9,5;47,3;50,6;65,8;52,7;50,4;54,6;51,5;49,2;24,4;11,5;12,4;2,5;28,4;18,1;56,8;7,4;67;83,2;6,2;;13,7;37,5;21,1;40,7;10,2;88,9;0,9;76,1;;0,8;22,9;87,1;12,6;2;4,5;18,8;38,3;27,2;11,2;;6,7;25,3;42,4;17,4;3,9;1,5;5,6;3,9;32,3;44,7;5,3;7,6;16,6;27;19,7;36,7;6,8;7,1;7,5;5,2;
19;25,5;12,9;39,3;13;9,3;1,5;54,6;21,9;12,2;39,3;15,2;11,3;1,1;2,2;21,1;24,8;8,4;47,9;13,1;5,8;1,6;19,2;27,9;78,4;43,4;36,1;52,4;38;24,9;53,2;31,2;31,6;33,4;34,3;46,6;79;43,5;58,7;75,4;8,1;13;32,9;45,7;20,8;34;36,8;75,7;10,1;67,7;25,9;14,3;10,9;21,7;14,3;10,4;12,5;10,5;6,1;49;53,7;70,9;52,1;53,9;50,2;48,8;39,6;26,6;11,9;18,8;3;29,9;22,2;62;11,5;77,2;81,5;11;9,2;19,4;45,4;33,9;30,4;14,8;85;;85,9;;;13,3;75,4;23,3;2,3;3,2;14,8;37,8;28,5;15,7;1,8;6;24,7;37,1;23,8;5,1;;0,1;1,8;27,6;35,8;18,9;14,8;15,2;23,9;22,5;38,3;7,6;14;7,1;8,3;
21;25,4;12,5;42,3;13,7;6,2;1,6;53;23,9;11,5;43;14,7;6,8;1,4;2;24,8;25,7;8,5;47,4;12,6;5,8;1,6;24,1;29,8;74,7;45,4;41,6;49,7;41,3;22,3;55,8;36,6;26;26,6;34,1;43,2;82;48,6;62,7;73,8;5,2;12,5;40,2;41,9;27,8;32,9;31,1;52,4;34,1;59,8;26,2;13,5;12,8;23;12,4;13,7;14,1;12,2;10,6;47,5;51;63,1;57;55,4;58,6;57,1;39,1;24,5;14,4;17,3;4,7;30,3;16,1;55,8;14,5;67,7;80,6;13,4;12,2;22,6;44,3;35,9;29,2;13,9;85,6;;94,2;;0,2;5,4;98,5;0,7;2,4;5,3;17,1;31,1;33,1;13,5;2,4;5,7;21,4;44,4;21,7;3,7;0,7;0,1;0,9;40;48,8;2,7;5,9;13,1;20,8;21,1;45;8;9,1;9,7;6,7;3,3
22;21,6;14,7;43,2;13,5;7,1;1,4;54,4;19,6;12,7;42,9;15;9,8;1,1;2,1;14,4;29;9,3;53,7;5,6;;4,1;13;15,7;86,7;38,4;35,8;41,2;41,5;23,9;47,8;28,3;31;31,6;36,9;46,4;77,1;40,3;58,5;67,2;7;13,6;38,9;40,3;32,1;38,5;32,4;67,8;13,6;59,7;30;15,1;11,6;27,3;14,4;10,6;14,4;18,7;12,9;43,3;47,7;54;54,8;52,5;56,8;52,7;55,9;21,5;10,5;10,6;1,5;28,6;14,1;55;5,2;65;84,3;;;11,2;34,9;15,8;47,3;8;91,7;;89,7;;0,6;9;94,1;5,3;1,9;4,8;16,5;41,2;27,2;10,3;;4,2;22,2;44,9;18,5;5,5;1,3;;;41,9;41,4;6,2;8,9;15,7;26,6;22;35,7;4,1;4,3;4,6;2,7;
23;21,9;13,9;45,2;11,2;7,8;1,5;53,8;18,6;10,7;45,4;13,8;11,6;1;2,9;19,1;25,6;15;51,5;6,4;;4,1;16,9;20,8;81,8;39,8;42,9;36,4;23,2;12,5;49,5;39,8;24,9;24,6;43,1;40,4;77,9;49,4;65,9;63,8;;;;;29,7;38,6;40,4;65,1;;57,7;32,3;15,2;11,7;26,4;14,5;13,5;;28,3;13,8;40,8;45,6;41,7;48,6;54,2;44,7;53,1;54,7;21,5;10,4;11,1;;25,7;19,1;59,2;6,4;75,1;86,5;9,5;;12,5;41;18,1;45,1;5,8;91,2;3,1;90,3;;;9;91,2;7,1;1,9;3;23,5;31,9;28,8;12,9;;7;26,3;36;21,3;5,1;;;;37,5;55;;;19,6;25;17;38,5;6,9;11,7;;6,2;
24;20,1;12,6;41,3;15;11;1;53,5;16,4;11,7;42,2;16,3;13,5;0,8;1,4;13,6;21,6;10,2;49,2;10,9;8,1;1,3;13;15,6;86,3;46,8;43,4;50,8;40,5;28,6;55,5;40;24,6;26,6;43,5;49,7;81,2;52,8;65,7;73,1;10,8;18,2;36,1;34,6;23,8;31,9;30,6;74;5,6;67,7;28;16,6;17;23,1;15,8;17,6;13,2;16,3;17;38,4;43,5;53,5;51,5;53,8;49,3;44,9;51,8;25,8;10,4;10;2;25,2;21,6;57,7;7,9;66,2;81,6;6,4;;11,4;37;16,4;36,6;19,9;79,3;;82,7;1,7;;15,2;61,1;38,3;1,9;6,9;21,2;33,5;24,4;13,9;4,7;9,8;26,2;32,4;16,7;6,8;3,4;10;8,6;34,4;21,6;8,2;15,8;17,5;28,1;23,2;31,1;5,9;;7;4;2,5
25;25,6;13,9;41,3;13,8;5,5;1,7;52;24,1;12,9;41,7;14,6;6,7;1,4;2,1;23,9;21,9;9,4;47,4;16,1;5,1;1,3;23,4;30,8;74,3;38,6;32,6;45,1;31,2;19,8;48,2;30,8;31,1;28,5;41,7;39,4;73,2;42,7;51,7;69,1;7,1;13,4;32,4;47,1;26,9;35,5;31,7;64,2;22;61,7;23,9;13,4;13,1;20,1;13,5;13,1;10,6;10,6;9,4;49,6;53,3;69,3;57,6;57,9;57,4;54,1;44,8;22,3;11,2;16,8;4,9;28,1;15,1;54,7;15,1;64,9;83,3;15,8;15,1;22,8;38,5;35,5;29,4;13,5;85,7;0,9;88,8;0,2;0,5;10,5;94,9;3,4;2,3;6,1;14,8;34,4;30,7;13,9;3,8;6,5;27,4;42,8;16,3;2,5;0,7;0,3;1,2;42,5;45,1;6,8;3,6;15,8;24,2;21,3;38,8;7,2;7,3;6,9;7,6;5,1
26;25,5;12,7;40,9;13,5;7,4;1,6;51,5;23,7;11,7;41,3;14,3;9,1;1,3;1,9;23,1;22,2;6,4;48,3;16,7;6,4;1,1;22;28,1;75,1;40,5;33,6;47,8;33,1;22,7;49,5;30,6;27,7;27,5;36,3;41,8;74,9;46,1;55,3;71;9,7;15,5;31,4;42,9;26,6;35,4;33,5;72,6;11,2;65;24,2;14,4;13;21,8;14,8;13,7;13,1;9,9;8;48,4;49,6;69;53,8;55;52,7;52,4;44,7;22,4;11,9;17;4;30;17,9;51,3;15,1;61,9;78,6;18;16;23,2;40,4;33,9;28,7;16,9;82,3;0,7;83,9;;0,5;15,1;88,7;9,6;2,3;5,8;16,2;32,3;31;14,7;4,1;8,2;23,3;40,7;18,5;3,7;1,6;8,5;7,7;46,4;26,1;6,2;4,2;16,1;24,4;21,2;38,3;7;8,6;7,3;6,1;3,8
27;27;15;43;11;4;2,4;52,9;25,2;14;44,2;11,6;5;2;2,9;22,9;26,3;11,2;47,9;11,7;2,9;2,3;21,1;25,5;76,6;41,8;36,9;47,5;36,1;25;50,2;36,3;31,5;32,1;37,8;43,7;77,2;48,9;59;70,7;5,4;13,8;35,6;45,2;24,5;35;33,8;61,9;19,8;62,2;25,4;13,9;10,8;23;14;10,8;12,7;12,4;10,3;49,9;52,2;64,6;53,2;55,2;51,3;55,1;37,9;23,1;14,7;18,3;5,9;28,1;14,4;56,8;11,9;69,3;84,2;11,2;6,3;20,6;46,9;30,5;37,8;6,2;93,2;0,6;88,3;;;11,4;83,2;15,3;2,5;5,5;16,2;33,4;29,5;15,4;2,1;9,1;25,6;39;19,5;3,7;1;0,5;1,2;33,8;52,4;7,1;3,8;13;25,4;24,5;37,2;11,3;13,3;12;10,3;5,6
28;27,7;13,4;43,7;11,5;3,8;2,3;52;26,7;13;44,8;11,3;4,2;2,2;2,4;25,5;21,7;7,8;52,4;14,1;4;1,4;24,6;30,1;71,4;40,4;34,7;46,8;37,7;21,2;50;29,7;30,2;31,5;35,2;43,4;77,4;43,1;57,7;71,8;5;12,2;36,8;45,9;23,1;37;34,6;64,1;19,6;64,5;23,7;13,5;10;20,4;13,4;10,5;10,3;12,9;8,2;52,8;55,8;68,6;54,5;54,9;54,2;57,8;35,3;23;14,3;21,1;6,3;30;13,1;51,2;17,1;61,5;82,2;18,5;10;26,8;46,9;39,7;30,7;5,1;94,7;;90,6;;0,3;9;90,9;8,3;2,6;2,4;17,4;39;30,4;10,9;1,8;7,8;31,4;42,6;13,1;2,5;0,8;;2,2;44,8;40,1;3;8,5;12,8;24,4;22,7;40,1;11,9;9,3;13,5;11,8;7
29;21,2;14,1;45,3;13;6,3;1,4;52,2;19,5;13,1;43,4;14,4;9,7;1,1;2,2;13,5;29,4;9,6;50,4;7,5;3,1;3,2;12,6;14,4;87,7;41,1;37,8;44,4;35,6;24,9;50,2;30,4;28,9;29,2;41,6;48;79;41,2;60,7;69,9;6,6;14,2;38,7;40,3;28;37;32,4;65,4;23,7;57;32,8;15,5;13;27,7;15;12,2;15,2;13,1;17,3;38,6;45;54,4;53,6;55,1;52,3;69,6;54,3;21,8;11,7;10,4;1,7;24,7;14,1;51,2;4,6;62,6;89,4;3,4;;10,4;46,4;14,4;44,6;11,5;87,7;0,8;93,5;0,5;;5,8;97,8;2;1,9;3;16,8;36,9;28,3;15,1;1,7;6,4;27,9;44,8;16,3;2,2;0,7;0,9;1,8;57;34;3,2;2,6;14,2;23,4;20,5;41,9;3,3;4,3;3,7;2,8;
2A;21,9;14;43,5;13;7,5;1,4;53,3;20,1;11,8;45,3;12,9;9,9;1,1;1,8;22,5;21,6;;50;16,7;;1,1;21,8;23,2;76,5;49,3;40,3;59,1;42,6;28,3;58,7;46,1;8,3;11,8;;47;75,9;51,4;55,3;74,4;9,6;13,3;40,4;36,5;14,1;23;33,2;77,5;;78,4;28,5;13,8;8,9;23,1;14,3;9,3;14;10,7;;48,9;53,2;70,2;49,5;51,7;47,7;28,1;21,9;27,9;25,3;20,6;4,4;37;31,1;73,3;;81,2;84,8;;;21,7;31,1;28,2;29,3;11;88,1;;94;;0;;96,4;;2,7;0;;38,5;37,8;17,9;;;11,7;44,9;29,8;4,3;7,1;;;53,5;38,2;;;8,4;15;14,5;62,2;10,7;;11,9;;
2B;14,9;10;45,1;18,2;11,7;0,7;54,5;13,4;9,3;45,7;18,3;13,2;0,6;0,8;13,8;21,4;6;51,4;15,5;5,8;1,2;11,6;14;87,3;50,7;44,5;58,2;46,6;26,5;60,6;40,1;11,9;13,9;;41,6;72,5;44,9;54,3;70,5;;;;;16,4;17,4;29,5;74,8;8,6;71,4;22,5;16;13,5;20,1;17;13,2;15,3;8,3;;48;49,7;71,3;53,9;56,2;51,4;58;28,8;40,1;18,8;11,5;;34,1;29,1;66,5;;65;82,2;;;11,9;;16,2;32;14,1;85,2;;97,4;;0;2,1;98,6;;2,2;;11,2;42,2;34,7;10,5;;6,4;25,8;41,1;20,1;3,8;1,3;19,1;8,6;41,2;26,5;;;6,1;16,8;14,8;62,3;8,7;27,4;8,5;4,3;
30;23,2;14,4;40,9;13,7;7,8;1,4;52,4;22;13,5;41,3;13,7;9,4;1,3;1,7;20,1;22;7,8;48,3;16,4;5,6;1,2;19,2;25,6;79;33,7;28,5;39,4;25,8;17,7;41,9;28,3;25,7;25,5;36,9;35,5;69,2;41,6;48,6;64,7;9,9;15,1;35,5;39,1;25,6;39,7;31,3;72,4;8,6;65,5;23,8;13,9;12,7;21;14,3;13,2;12,9;7,7;7,5;49,7;51,5;71,9;61,1;60,9;61,4;57,6;44,1;24,2;12,4;15;4,3;28,1;20,5;54,4;12,7;60,4;78,1;13,8;9,7;18,8;38,9;29,8;30,9;16,5;82,5;1;86,3;0,9;0,6;12,3;87,6;11,5;2,2;4,6;19,3;35,9;28,5;11,7;3,4;9,9;25,9;38,4;17;3,6;1,9;11,9;10,6;41,1;23,5;7,3;5,1;15;25,6;20,8;38,6;11;14,9;11,2;9,4;4,1
31;23,1;17,3;42,3;11,1;6,2;1,8;51,7;21,7;17,1;41,6;12,2;7,4;1,5;2,2;24,2;24;12;50,3;9,2;4,5;2,1;23,5;32,2;75,7;42,7;38,2;47,4;37,6;20,4;53,2;41,9;24,1;24;31,9;37,6;77,5;54,5;58,3;68,7;11,3;17,4;36,8;34,5;28,2;32,3;23,8;54,1;33,4;60,2;22,4;16,8;19,1;20,3;16,5;18,8;13,6;13,6;14,4;41,6;44,4;58,4;66;66,4;65,6;65,3;45,6;22,4;13;15;4;21,1;15,1;49,8;15,7;62,6;77,2;10,5;12;22,4;43,4;37,7;32,9;14,7;84,3;1;89,1;1;0,9;9;92,6;5,9;2,2;11,4;17,4;29,7;28,8;12,7;10,1;8,5;25,3;35,6;16,4;3;1,1;1,4;2,1;41,7;36,4;11,1;6,1;17;24,5;19,9;38,5;10,7;12,9;12,5;7,9;3,1
32;28,3;11,7;41,7;12,1;6,2;1,9;58,4;26,3;11,3;43,1;12,2;7,1;1,6;2,3;27,2;36,1;9,1;46,6;5,9;;;25;30;75,4;34,9;33,2;37,3;33,5;29,5;37,7;31,5;37,9;37,1;56,1;50,6;76,5;42,8;57;76,7;7;8,4;42,9;41,2;33;45,8;42,8;72,6;7,9;61,7;26,1;13,1;9,9;23,1;14,3;8,9;16,2;15,9;8,6;50,9;53,7;59,4;40,3;42,2;37,9;;45;22,2;13,2;14,1;;33,5;16,8;66,3;11,4;67;79,8;;;21;;29,5;39,6;;96,7;;85,8;0;0;14,2;96,5;;2,3;;11,3;34,8;34,8;18,3;;2,1;15,8;60,7;20;;0;;;55,6;35,9;;1,2;18,7;31;18,5;31,7;6;;;;
33;20,8;17,5;45,1;11,2;5,4;1,7;53,1;19,1;16,6;45,1;12,3;6,9;1,4;2,3;22,2;23,4;10,7;53,4;9,2;3,3;2,3;21;24,6;78,2;47;43,7;50,7;41,8;22,1;59,4;41;24,7;24,6;31,5;36,7;81,3;51,9;61,1;70,1;13,1;17,5;37,5;31,9;23,2;28;21,9;50,9;31,9;59,7;23,7;16,1;21,4;21,8;16,4;21,3;13,9;13,2;16,1;38,8;40,5;56,7;65,7;68,2;63,2;60;46,7;24,2;12,6;13,7;2,9;21,3;12,8;56,1;10,6;68,4;83,3;8,7;7,7;19,1;47,9;26,8;32,9;10,5;88,6;0,8;93,5;0,5;0,6;5,4;92,4;7,1;2,1;11,9;19,6;32,5;24,2;11,8;9,3;10,1;23,7;36,7;15,5;3;1,7;12,9;6,6;35,7;30,8;5,8;6,5;17,1;26,2;19,6;37,1;9,1;9,4;9,4;6,7;5,5
34;23,2;15;42,2;12,7;6,9;1,6;52,1;22;14,5;41,9;13,2;8,4;1,3;1,8;22,3;23,6;10;48,3;13,4;4,7;1,5;20,9;26,1;77,2;38,1;32,6;44;29,7;18;48,1;31,6;24,6;23,6;32,9;36,2;71,7;44,3;50,7;67,1;13,8;17,6;35,2;33,1;26,4;34,7;30,8;61,7;18,5;62,1;20,8;15,3;18,2;18,2;15,6;18,1;11,3;10;12,1;45,7;48,2;66,6;60,7;63,4;58;59,6;46;22,6;12;15;4,3;24,8;16;51,8;12,5;61,4;75,8;12,3;9,8;19,8;46,6;29,5;32,1;18,1;80,6;1,4;80,8;2,9;0,9;15,4;90,8;8,7;2,2;10,9;21,4;32,6;23,4;11,8;9,5;11,4;23,3;32,5;16,7;4,2;2,4;15,9;12,9;31,6;25,6;9,1;4,1;17,9;25,1;19,6;37,4;13,9;16;15,9;10,2;3,2
35;23,3;18,4;40,9;11,7;5,7;1,8;52,5;22,1;18,3;39,7;12,7;7,2;1,5;2,2;23,3;28,5;13,4;48,2;7,8;2;3,4;22,5;25,2;78,2;42,2;38,5;46,2;37,4;24,1;53,4;35,1;31;28;40,4;39,6;78,2;44,4;56,8;67,7;9,2;15,3;38,6;36,8;32,3;31,7;20,4;47,6;38,2;54,8;25;17,1;16,8;21,7;16,5;16,9;14,2;16,3;13,9;41,2;44,9;55,6;67,7;70,1;65,1;65,5;46,9;22,4;13,2;13,7;3,8;26,3;14,4;50,4;11,5;65,9;80,2;6,1;;19,9;49,1;28,4;36,8;13,5;85,7;0,8;92,4;0,5;0,7;6,3;96,4;3,1;2,2;3,6;18,4;32,9;31,4;13,6;1,5;6,6;27,7;42,9;17,3;2,7;1,2;0,4;1,1;55,6;37,3;3,1;2;14,8;24,7;19,5;40,9;7,1;6,1;7,8;7,3;4,3
36;24,9;14,1;42,9;12,3;5,9;1,8;54,5;23,3;12,6;43,3;13,2;7,6;1,5;2,3;17,4;24,1;12,1;51,7;9,9;;2,4;17;22;82;40,9;35,2;47,4;34,2;24,9;48,8;34,6;30,3;25,3;44,1;44,8;75;50,3;58,7;69,9;5;11,6;37;46,3;28,4;35,6;32,8;70,3;11,9;61,3;32;12;11;27,9;11,7;9,9;18,1;11,5;14,7;45;50,5;55,7;50,1;55,1;45,4;55,1;49,8;21,8;12,6;12,5;3,3;26,6;15,6;53,7;8,8;65,6;85,2;;;15,4;39,1;23,5;40,6;8,2;91,5;;86,9;;;12,3;85,2;13,6;2,1;1,9;16,7;38;30,4;13,1;;7;27,2;41,5;18,7;3,9;;;1,9;53,1;30,9;7,3;4,9;18,8;26,4;19,8;35;5;4,9;4,3;6,1;
37;25,5;13,2;41,8;12,9;6,7;1,7;53,6;24,1;12,1;41;14,2;8,6;1,3;2,2;24,3;29,2;9,8;47;9,7;4,3;2,4;23,5;28,2;76,5;43,7;40,9;46,7;36,3;24,9;52,6;35,1;28,9;27,1;40,6;45,7;81,7;48,3;64,5;72,5;7;14,1;39,2;39,5;31,7;35,8;28,6;54,6;28,2;56,5;26,6;14,7;14,7;22,7;14,6;14,4;13,2;14,7;18,2;44;48,3;53,9;59,7;61,9;57,5;63,1;46,4;23;11,9;14,4;4,3;27;19;54,2;13,5;68,3;82,8;9,4;8,8;21;39,4;32,1;36,7;8,4;91;0,5;91,3;0,3;0,3;8,1;96,3;2,6;2,2;8,3;20,4;32,8;25,9;12,7;3,2;11;29,3;40,2;13,5;2,4;0,6;0,5;1,7;51,9;39,7;3,6;1,8;13,2;24,9;20;42;9,3;10,4;10,6;7,8;4,7
38;26;13,9;42,2;12;5,9;1,9;51,5;24,6;14;42;12,7;6,6;1,6;2,1;23,8;22,1;8,2;49,2;12,9;7,7;1,3;22,9;31,5;74,1;46,3;40,8;52,2;39,8;26,5;55,2;40,6;26,2;27,7;31,2;43,6;78,1;52,2;59;73,6;9,9;15,9;34,7;39,4;26,5;29,8;27,4;61;25,2;65,4;22,7;13,8;16,3;20,3;14,3;16,9;13,4;9,8;11,4;47,1;48,5;65,4;57,7;59;56,3;62,8;37,8;23,5;13,3;20,2;5,1;28,2;17,6;52,1;17,8;64,7;77,2;15,5;18,7;24;34,1;39,5;27,8;13,9;85,4;0,8;89,9;0,3;0,5;9,3;92,6;5,4;2,5;5,9;14,5;31,9;30,9;16,8;3,4;6,2;22;39,5;21,8;5,5;1,5;2,7;3,5;39,2;44,3;4,6;4,9;13,2;24,7;21;41,1;8,6;10,4;9,8;7,1;3,9
39;24,5;11,4;43,2;14;6,8;1,5;52,8;23,3;11;42,4;15,1;8,2;1,2;1,8;27,9;23,7;6,6;49,1;14,2;6,4;1,3;27,6;31;71,2;40,7;35;46,8;36,7;24,4;47,9;32,2;30,6;30,2;33,8;41,6;70,2;39,5;52,8;66,5;5,7;11,7;30,1;52,5;26,3;31,4;29,6;65,8;10,4;64,2;29,3;13,4;11,2;26;14,3;12;13;11,6;11,4;46,1;47,6;64;57,4;57,9;56,8;65,6;45;23,9;12,1;14,6;4,4;30,5;16,4;53,5;13,2;62,2;79,6;14,4;;25,4;50,6;34,1;32,3;9,6;89,7;;87,5;;;12,1;94,8;4,7;2,2;2,7;12,7;40;30,8;13,8;;3,4;20,2;51,5;20,3;2,2;1,5;;2,5;50,4;42,6;;;13,6;23;19,2;44,2;6,4;;7;5,9;
40;23,6;13,5;42,7;13,1;7,1;1,5;54,1;21,7;12;43;15;8,3;1,2;2;16,9;28,6;11,9;44,2;9,3;6;2,3;15,8;19,3;84,3;44,4;40,7;48,6;36,1;25;53,6;35,7;33,4;34,6;45,1;48;78,6;43,8;62,3;70,6;8,2;12,2;38,8;40,7;25,6;32,8;36,3;78,9;6;71,4;29,5;16,5;14,1;25,2;16,8;14,6;13,2;15,2;14,6;39,8;43,4;57;49;45,4;52,4;56,8;46,3;26;11,9;12,7;3,2;28,2;15,6;58;8,3;70,2;76,5;;;13,3;47,1;19,3;39,1;13,8;85,2;1;87,8;2,3;;9,3;70;29,4;2,1;5,5;15;32,4;32,2;14,9;5;4,2;17,8;37,7;28,5;4,5;2,4;;3,4;39,4;32,8;12,6;8,7;16,5;27,3;21,8;34,4;4,8;;6,1;3,2;
41;28,4;12,7;42,1;11,9;4,9;2,1;51;27,1;11,3;42,3;12,6;6,6;1,7;2,6;37,7;32,1;8,3;46,8;9,9;2,9;2,8;36;35,4;63,3;38,9;32,1;45,9;34,7;26,3;46,4;27,5;36,1;34;44,1;45,3;74,2;39,6;53,6;70,9;6,6;11,8;28,7;52,8;25,6;36,8;32,5;72;11,8;63,2;23,3;13,2;10,9;19,7;13,8;11,4;12,4;11,6;10,9;52,6;55,1;65,2;54,9;52,4;57;48,4;41,3;21,7;13,4;17,1;6,5;29,9;14,8;53,1;17,4;63,1;82,7;18,5;;33,2;70,2;43;30,3;7,9;91,4;;88,3;;0,6;11;90;8,2;2,4;4,4;13,5;36,2;34,6;11,2;;4,9;21;48,7;20,5;2;;;1,1;52,8;35,3;2,8;7,4;13,2;24,9;22,5;39,4;9,8;10,9;8,9;9,9;
42;23,9;15,4;40,7;12,2;7,8;1,6;51,7;22,6;14,7;40,9;12,7;9,2;1,4;1,9;25;19,4;9,4;47;15,1;9,1;1;25;29,7;72,8;41,9;35,1;49;31,7;23,4;52,5;31,4;26,8;27,6;29,5;39,8;74,6;42,3;52,8;69,3;10,7;16,2;32,7;40,3;25,4;31;25,7;64,7;19,6;63,5;25,1;13,3;13,1;21,2;13,7;13,2;12,1;8,1;8,6;48,6;51,9;71,1;62,1;63,3;61;58,8;40,9;24,2;12;18;4,8;23,7;21,5;53,8;17,5;61,6;79,8;18,3;19,1;25,5;42,8;35,5;23,7;20,9;77,7;1,4;82,2;0,7;0,5;16,6;90,6;7,9;2,4;5,3;17,9;33,4;29,2;14,1;4;6,7;23,2;38,2;19,6;5,7;2,6;6,9;8,3;39,4;33,8;6,8;4;15,5;23,7;20;40,9;8,8;9,1;9,8;8,2;4,3
43;22,5;9,5;40,1;15;12,9;1;53,3;20,1;8,5;38,5;16;17;0,7;1,4;23,2;26,9;7,5;45,3;15,1;;1,4;24,5;25,8;77,8;43,6;36,8;50,5;25,8;27,5;50,6;35,4;25,7;26,9;;50,5;75,9;45,9;58,1;73,1;10,1;13,7;38,4;37,2;23,5;33,1;30,2;73,2;;71,4;22;15,1;13;18,1;15,7;11,3;13,2;;;50;54,9;67,7;54,6;56,8;52,6;56,4;44,4;24,7;12;15,4;;27,1;24,8;61,9;;69,5;91,7;;;18,7;56,7;28,4;24,3;19,3;79,4;;91,4;;;7,8;85,7;14,1;2,2;;13,3;29,3;44,2;12,3;;;27,3;38,4;21,3;;;;;47,7;40,4;;;10,7;22,7;18,9;47,7;;;;;0
44;24,7;13,8;45,1;11,4;4,9;2;52,5;22,7;13,5;44,6;12,7;6,5;1,5;2,6;22,3;27,2;10,8;51,5;8,3;2,2;3,1;20,7;25;78,1;45,9;42,2;49,9;38,5;24,2;55,3;37,8;25,9;24,7;36,3;44,4;81,2;49,4;63,3;73,8;9,6;16,3;36,4;37,6;28,3;32,7;29,7;55,7;34,1;60,4;27,7;14,8;17,5;25,1;15,3;16,5;15,9;13,9;15;40;43,2;55,3;57;58,1;55,8;55,7;46,3;22,9;12,6;14,7;3,5;24,7;12,4;51,4;12,6;66,4;84,6;8;5,9;19,6;48,8;28,7;36,6;12,7;86,8;0,5;91,4;0,3;0,9;7,3;93,2;6,1;2,2;4,8;18;34,7;27,8;14,7;3;6,5;26,4;41,2;17,8;3,6;1,6;;1,6;43,9;39,6;5,4;6,9;13,4;24,3;22,5;39,9;6,5;7,7;6,8;5,9;3,4
45;27,9;13,8;42,3;11,1;5;2,2;52,4;26;13,3;43;11,6;6,1;1,8;2,6;30,2;27,3;9;49,1;11;3,6;2,2;29,2;34,3;69;44;37,9;50,9;38,8;23,4;53,4;36,7;28,7;27,9;36,1;41,9;78,7;48,5;59,3;72,9;7;14,4;35;43,5;22,8;32,8;31,8;62,2;22,6;64,8;22,7;14,6;14,4;20;15,3;14,2;12,9;11,7;10,9;48,3;50,4;64,5;56,5;56,5;56,4;55,6;37,9;23,2;13,6;19,1;6,1;26,8;15,7;55,9;17,9;69;81,7;14,4;15,7;29,1;51,8;43,2;30,1;13;86,2;0,8;91;0,3;0,4;8,3;86,3;13,1;2,5;4,9;15;38,7;28,9;12,5;3,1;5,7;26,3;44,1;16,1;3,3;1,3;0,7;3;38,3;45;9,7;2,8;14,3;25;21,3;39,4;12,7;14,1;14,7;10,9;5,9
46;26,8;13,6;42,1;11,5;5,9;2,1;51;23,1;8,9;50,7;10,3;7;1,7;2,6;19,5;40,7;7,4;42;;;;20,1;18,8;84,5;49,2;48,1;50,4;47,7;19,5;62,1;43,7;20,8;21,4;32,2;35;91;52,9;73,1;69,6;;;;;28,1;31,2;21,9;63,6;11,6;76,5;26,7;17,8;19,1;26,4;19,4;16,3;9,1;;9,6;36,4;37,9;59,3;70,2;67,8;71,3;66,7;39;25,3;16,5;17,5;1,7;34,4;15,3;53,7;;56,4;73;;;15,1;83,1;20,5;38,9;17,6;73,9;8,5;91,2;0;;7,9;65,1;34,9;2,3;0,6;7;20,5;39,4;32,5;0,6;4,8;11,7;38,3;32,5;9,2;;0;3,4;19,4;41,1;26,4;9,5;13,6;27,3;19,1;40,1;3,1;0;6,8;3,5;0
47;24;13;40,9;13,2;8,8;1,4;52,8;21,5;12,4;40,7;13,7;11,6;1,1;1,8;22,4;28,3;8,6;47,5;12,8;2,8;2,1;21,6;25,3;78,6;43,8;39,3;48,7;35,1;31,4;50,3;37,3;33,5;30,9;53,4;50,2;74,9;46,1;59,2;70;11,2;15;31,6;42,1;26;31,6;32,2;70,8;5,5;66,4;23,8;13,8;14,9;20,2;14,1;15,6;13,2;8,3;9,7;47,6;50;68,7;46,6;48,2;44,9;48,7;52,9;21,8;9,8;12,2;3,2;25,2;20,7;56,5;9,6;63,6;80,4;11,3;;18,3;39,3;25,9;31;19,8;79,3;0,9;81,4;;;17,5;74;24,7;2;8,1;21,7;31,2;23,8;15,2;6,6;10,9;24;29,7;17,4;5,8;5,5;12,9;14,4;38,4;20,6;9,7;2,9;23,5;25,7;17,7;33,1;6;6,9;6,2;5,4;
49;24,8;14,9;42,4;11,8;6,2;1,8;53,7;23;13,7;41,9;13,2;8,2;1,4;2,5;20,7;30,3;12;48,4;6,9;2,3;4;19,4;22,3;80,9;42,2;38,2;46,7;32;23,5;51,5;35,3;30,7;29,5;44,3;45,3;83,6;51,2;64,8;74,2;6,8;13,6;34,3;45,2;28,5;38,9;30,4;62,8;21,5;62,4;26,6;14,5;12,5;23,4;14,5;12,7;11,9;14,1;14,6;46,4;49,3;59,5;57,4;57,4;57,4;59,1;47,7;22,6;12,2;13,9;3,6;25,8;16,5;56,6;7,7;68,9;85,4;4,8;;15,8;45,2;22,7;37,3;7,7;91,8;0,5;92,8;0,2;0,4;6,6;91,6;6,9;2,1;7,4;16,2;32,9;28,3;15,2;3,3;8,6;26,8;40;17,7;2,8;0,8;;1,4;39,1;47,2;5,8;5,6;15,5;25,2;21,4;37,9;5,2;4;6,4;4,2;3,1
50;20,2;14,2;44,7;14,2;6,6;1,3;53,7;18,6;13,2;43,7;15,5;8,9;1;1,7;9,7;27,7;13,2;51;6,2;;3,9;8,7;10,7;91,1;45,2;43,2;47,2;32,8;33,1;53,5;32,9;30,7;31,1;53,6;57,1;79,3;40,1;62,8;71,6;6,1;15,8;37,8;40,2;26,6;32,4;33,5;69,1;12,1;62,4;32,2;14,5;12,3;26,6;15,8;11,5;15,7;17,8;22,5;41,1;46,1;44,1;46,2;45,3;47;56,9;55,9;22,9;10;9,2;2;24,9;12,3;54,8;4;67,7;85,2;;;7,1;32,7;9,4;38,6;7,9;91,5;;89,8;;;8,7;89,8;9,7;1,8;4,2;15,7;37,8;28,9;13,4;1,9;7,3;27,9;40,7;17,6;3,4;1,2;0,9;3,3;47,6;39,4;4;4,6;16,6;25,7;19,9;37,9;3,2;4,1;3;3;
51;26,1;14,2;42,8;11,4;5,5;2;53,2;24,3;12,9;43,8;12,2;6,9;1,6;2,5;20,8;28;10,8;47,8;9,6;3,8;2,5;20;23,2;79,5;39,1;34,6;44,3;31,7;19,1;47,6;35,7;27;25,7;33,3;40,6;76,3;47,1;58,3;69,1;6;13,8;38,6;41,6;29,2;38;34,1;59,9;25,1;55,6;26,1;13,1;12,2;22,6;13,5;12;12,9;12,1;15,5;48,6;51,9;59,5;57,2;57;57,4;60,6;43;23,3;13,3;16,2;4,1;25,4;15,8;55,4;11,3;66,8;82,8;7,7;5,2;18,8;45,3;27;36,6;6;93,2;0,8;89,6;;0,5;9,8;90,9;7,4;2,3;6,1;13,1;34,2;29,3;17,2;4,3;5,2;22,3;39,3;21,5;5,9;1,4;0,3;1,7;45,3;40,1;5,1;6,5;15,5;26,5;20,1;37,9;7,4;7,3;8,1;7,2;4,6
52;21,9;12,6;43,6;13,7;8,1;1,3;54,7;21,1;11,4;42;14,8;10,6;1;1,7;13,6;25,5;8,1;47;12,4;7;1,5;12,8;16,9;87;37,1;32,7;42,1;24,2;26,4;43,3;29,3;32,7;34,5;44;48,6;73,8;41,7;55,8;69,6;5,9;11,9;37,6;44,5;26,1;40,2;39,7;67,6;12;57,9;27,6;12;8,2;22,7;11,5;7,9;11,3;8,9;10,8;52,1;57,9;69,1;43,4;43,8;42,9;41,9;51,2;23,7;11,6;10,8;2,7;26,9;18,3;57,7;7,2;69,9;81,8;7,3;9,6;11,2;34,3;18,2;35,5;3,9;95,3;0,7;81,8;0,5;1,2;16,5;95,4;3,8;2;4,7;20,6;37,1;25,9;11,7;3,5;9,8;32,8;33,6;15,8;2,7;1,7;;0,6;63,8;23,6;4,1;7,5;15,8;29;19,3;35,9;4,7;5,3;3,9;6,1;
53;25,9;13,9;40,9;13;6,3;1,7;53,8;23,3;13,8;40;14,6;8,3;1,3;2,4;22,7;30,9;9,6;49,1;7,8;2,6;3,4;20,7;22,6;78,4;45,8;39,8;52,5;41;23,4;55,7;41,3;40;38,4;65,9;45,4;82,5;49,7;62,7;74,9;4,5;10,6;35,1;49,7;27,6;33;32;70,5;16,6;60,7;27,9;11,9;9,7;25,9;9,6;8,1;13,4;15,5;13,5;50,4;56,4;57,6;57,5;59;55,7;51,6;48,9;22,4;11,6;12,7;4,4;27,7;16,3;54,7;9,3;70,5;86,8;;;18,3;50,8;24,6;36,9;9;90,6;;92,9;0;;7;96,7;3;2,1;3,4;16,2;34,3;28,5;17,6;1,8;4,8;27,7;43,2;18;3,8;;;1,6;53,5;41,2;2,2;;15,7;23,3;21,2;39,8;5,8;;6,3;5,8;
54;23,3;13,9;43,7;13,2;5,9;1,6;51,4;21,7;13,3;43,3;14,5;7,2;1,3;2;19,4;23,2;9;48;13,1;6,6;1,4;18,7;26,3;80,2;42,3;38,5;46,2;32,8;21,3;52,4;33,3;24,9;24,1;31,4;38,5;77,1;46,2;56,2;70,7;8,5;16,5;37,7;37,3;26,8;32,9;26,9;62,3;22,2;59,8;25,9;14,3;15,1;23,1;14;14,8;13;11;13,8;44,7;48,1;62,2;61,8;63;60,6;62,3;44,2;24,5;12,2;15,4;3,7;26,1;16,4;52,3;10,6;65;81,9;9,8;10,5;16,7;34,2;28,8;31,7;13,2;86;0,8;88,6;;0,6;10,6;90,6;8,5;2,2;9,5;16,6;30,2;28;15,6;5,1;8,4;23,2;39,9;18,1;3,8;1,5;3,6;4,6;47,7;32,3;3,9;6,8;15,3;25,3;20,9;38,5;8,4;9,8;8,9;7;3,8
55;20,5;15,1;44,9;14,6;4,9;1,5;53,5;18,9;14,1;44,5;16,7;5,7;1,2;1,9;14,2;29,8;16,3;39,5;;;;13,8;14,7;87,8;37,4;36,6;38,4;18,7;25,2;44;32,7;27,2;28,7;44;46,6;74,1;45,7;58,1;66,5;9;17,4;34,9;38,3;26,3;39,2;36,2;66,2;7,1;57,2;30,7;14,4;12,7;24,5;14,6;14,3;;13;;42,2;46,6;67,2;48,8;55;42,6;51,9;57,1;20,2;9,8;10,5;2,4;27,3;10,5;54,5;;67,1;72,4;;;8,9;61,6;11,9;46,9;7,3;91,5;;79,2;;;19,9;94,6;4,7;1,9;8,2;23,7;27,4;26,1;14,6;5,8;9;26,5;36,4;17,1;3,2;2,1;4,6;10,9;40,6;37,7;;;20,4;24,9;19,9;34,8;3,3;;;;
56;26;14,1;42,7;11,8;5,4;2;53,4;23,7;12,6;43,2;13,4;7,1;1,5;2,8;19,2;31,1;9,7;51,1;6,4;1,7;4,5;17,5;19,5;81,7;38,5;35,2;42,2;32,5;23,9;46;31,5;32,6;32,5;42,7;42,3;72,4;45,4;55,8;66,5;6,7;12,1;36,2;44,8;29,3;36,7;34,1;70,8;15,9;59,8;31,5;14;11,7;27,8;14,6;11,3;12,3;15;12,3;42,8;46,3;60,4;55,2;53,9;56,4;57,2;47,4;22,2;12,1;14,5;3,7;29,4;16,7;56,6;5,6;67,4;81,3;3,4;;14,4;43,6;19,8;41,1;8,3;91,1;0,7;91,5;;;7,3;94,9;3,6;2,2;4;15,6;34,2;29,3;16,9;2,2;5,9;25,1;39,2;21,8;4,8;1;;1;55,5;32,8;4,4;5,3;14,1;25,7;19,8;40,4;5,2;4,4;7;4,5;
57;23,4;13,2;43,4;13,7;6,2;1,5;51,5;22,1;13,1;43,6;14;7,3;1,3;1,7;22,7;20,4;8;46,1;16;9,5;1;22,4;29,8;75,9;38,2;32,9;43,9;30,3;21,8;47,3;27,5;27,3;24,7;34,5;41,7;73,2;38,4;51,9;68,9;6,1;13,3;35;45,5;27,8;36,1;34,2;70,4;16,2;66,5;24,7;13,3;10,3;20,9;13,4;10,3;11,4;9,2;7,7;51,7;55,4;71,7;53,8;53,9;53,6;50,6;35,8;25;15,2;19,4;4,5;28,1;19,1;54,2;16,4;62,7;77;15,1;26,3;22,4;35,8;34,9;27,2;12,5;82,8;4,7;86,6;;0,5;12,8;91,2;7,8;2,5;3,9;11,6;31,5;33,1;20;2;5,8;20,5;41,6;22,6;5,7;1,8;1,7;3,4;56,6;30;4,2;3,7;11,5;23,1;20,3;45,1;8;10,5;10,2;6,5;4
58;21,7;12;40,3;16,5;9,5;1,1;52,8;18,5;10,3;40,9;18;12,3;0,8;1,6;26,3;32,5;9,2;41,8;12,1;4,4;2,3;24,3;26,3;77,1;32,6;30,3;35,1;24,1;19,1;39,6;26,2;26,3;28,7;40,1;39,2;70,6;34;51,9;61,7;6,3;9,4;39,9;44,2;30,5;42,2;35,6;66,5;12,7;53,4;27,5;11,8;7,7;25;11,5;8,3;12,7;9;10;53;55,2;68,3;55,2;50,6;59;70,5;53,3;22,3;9,7;11,7;3;29,4;22;59,7;9,2;67,6;80,7;9,7;;18,5;58,5;24,2;34,4;10,7;88,8;;77,9;;;21,1;88,1;10,9;2;8,2;14,6;40,6;25;11,6;3,4;9,9;28,3;42,3;12,6;2,6;;;1,5;56,6;37,6;;1,5;15,8;24,4;18,2;41,6;6,7;8,6;6,2;6,2;
59;24,6;15,9;43,3;11,1;5,1;2;52,1;23,1;15,4;43,3;11,8;6,4;1,7;2,5;14,3;20,5;9,1;47,7;15,4;7,2;1,1;13,6;16,8;84,4;40,2;35,3;45,6;32;20,3;51,1;30,2;26,2;26,9;32,8;40,6;77,4;43,4;55,6;71;9,6;17;35,6;37,7;25,3;36;32;61,4;22,9;59,3;25,1;14,7;14,9;21,5;15,1;14,6;13;10,2;12,8;45,2;48,7;63,9;57,4;58,4;56,4;58,3;38,2;24,7;14,2;17,8;5;23,7;14,5;53,1;11,5;65,2;81,8;11,1;11,8;14,9;26,1;21,4;31,5;19;79,6;1,4;91,1;0,1;0,5;8,3;59,5;39,8;2,4;6,4;16,5;24,8;25,1;27,2;5,3;8,6;23,4;31,8;20,3;7;3,7;6,5;21,7;30,2;26,7;7,7;6,1;14,9;24;19,1;42,1;8,3;13;10,7;6,8;2,6
60;28,4;13,5;42,2;11,7;4,2;2,3;52,7;26,6;12,6;43,3;12,5;5;1,9;2,7;23;26,9;8,2;48,8;12,5;3,7;1,9;21,8;26,6;75,7;42,1;35,7;49,4;36,2;19,8;52,5;33,2;26,1;28,8;29,9;39,3;76,5;44,6;56,1;71;5,8;13,4;38,3;42,4;23,6;33,1;32,3;63,8;21,2;66;23,6;13,4;11,6;20,5;14,1;11,9;12,3;10,7;9,9;51,3;53,6;67;56,9;57,3;56,5;56,9;33,2;23;15,1;21,5;7,2;32,5;14,9;58,1;13;69,4;82,4;9,6;10,1;22,3;40,9;34,4;31,6;8,9;90,3;0,8;94,1;;0,2;5,6;94,9;3,9;2,7;5,1;14,3;34,5;31,9;14,1;2,9;6,5;27,4;42,6;16,8;2,8;0,9;0,5;2,2;47,8;42,2;4,4;2,5;11,1;21,1;21;46,8;14,4;17,4;16,6;12;7,3
61;23,2;13,5;41,3;14,1;7,9;1,4;53,1;20,6;12,9;41,4;14,7;10,4;1,1;1,8;15;27;9,5;47,7;11,5;4,3;2;13,3;17;85,5;36,8;32,7;41,5;32,2;23,4;45,6;23,5;27,3;30,4;30,4;47,2;76,8;35,3;56,6;70,3;5,4;11,3;35,4;47,8;27,8;41,5;36,6;69,9;10,1;58,1;28,1;10,7;8,2;23,4;11,6;8,4;10,1;11,9;10,9;53;56,6;67,2;48,5;47,3;49,6;55,5;48,5;23,1;13;12,5;2,9;27,5;17,3;54,5;6,5;58;86,8;7,1;4;12,6;40,1;17,9;39,1;9;90,7;;86,3;;;13,3;85,9;13,6;2,1;3,9;18,7;35,4;27,9;14,1;2,1;9,1;30,8;39,9;14,2;2,8;1,2;2,2;;55,6;32,1;3,6;4,1;16,5;26,6;19,4;37,5;4,4;3,3;4,6;5,4;
62;23,6;15,1;43,3;12,2;5,8;1,7;52,8;22,1;14,1;42,4;13,4;8;1,4;2,4;4;16,6;7,9;47,2;18,3;10;0,7;3,6;4,9;95,5;38,9;32,1;46,1;29,6;21,3;49,3;27,9;27,5;29,8;36,6;46,8;75;38,1;52;72,3;5,5;12,4;36;46;25,5;37;40,8;75,3;8,3;62;31,7;13,8;8,2;26,4;13,7;8;12,4;10,7;11,1;46,4;51,9;65,8;46,9;46,9;46,8;53,5;37,3;26,5;15;17,4;3,8;28,7;20,3;58,4;3;68,7;86;2;3,1;4,3;7,8;6,2;31,4;11,3;86,4;2,3;92;;0,2;7,8;45,9;53,4;2,4;2,8;11,7;26,2;32,2;27,1;1,6;5,8;23;41,5;20,8;5,2;2,2;4,8;21;29,3;30,8;7,6;5,8;13;22,8;20;44,2;4,9;8,2;6,7;4,5;1,6
63;25,4;12,7;42,3;13,8;5,6;1,7;52;24;12;42,3;14,9;6,8;1,4;2;24,5;21,5;7,4;50,2;15,7;5,3;1,2;23,8;30,8;73,4;40,6;32,2;49,8;33,1;23,5;49;31,7;25,6;25;38,7;40,8;74,9;43,8;52,2;73,2;9,8;12,2;35,6;42,3;27,2;34,6;30,6;65,2;22,8;64,2;26,1;13,6;12,5;22,5;12,8;11,6;12,3;9,4;10,4;47,8;53,1;67,9;56,8;57,7;55,9;59,2;43,8;22,1;12,4;17;4,7;30,5;17,3;55,6;16,3;67,2;78,5;15,4;18;24,7;38,7;37,6;27,6;10,6;88,6;0,9;88;;;11,1;94,4;4,8;2,3;5;13,2;33,1;34,4;14,3;3,2;6,1;23;43,7;20,5;2,4;1;3,6;5,2;44,8;41,2;3,2;1,7;12,4;21,1;19,2;47,3;6,4;7,6;5;6,6;4,8
64;22,5;12,4;43,2;13,8;8,2;1,3;54,1;20,9;10,6;43,3;14,9;10,3;1,1;1,8;23,8;23,6;9,7;45,8;13,7;7,2;1,4;22,7;29,1;76,2;43,1;38,1;48,8;36,1;21,2;52,8;34,9;25,1;22,3;38,4;37,9;77,5;47,3;57,5;71,3;9,4;12,2;39;39,3;28;32,3;32;67,8;18,7;62,2;27,9;12,6;13,9;25,1;12,7;14;13,8;7,8;11,7;45,6;48,3;66,6;57,7;60,8;55;57,2;44,9;23,7;13,8;14,6;3;28,6;22,8;59,4;13,3;65,5;81,9;;11,9;20,5;37,7;31,1;35,9;8;91,6;;93,2;;;6;96,8;2,5;2,2;;12,7;38,8;28,9;15,7;;5,1;24,6;41,6;18,4;5,5;;;;63,7;24,1;3,9;;13,3;21,7;18,6;46,5;5,7;;5,7;6,2;
65;20;15,5;40,3;14;10,3;1,1;54,4;18;12,9;40,5;15,6;13;0,9;1,6;16,1;23,7;10,2;44,3;12,1;9,8;1,3;15,1;20,3;84,6;38,5;33,6;43,9;25,2;19,9;48,9;31,6;28,4;30,2;44,5;35,7;77,4;44,2;58,3;63,7;8,9;15,8;45,5;29,7;26;36,5;24,4;76,5;6,1;68,1;29,9;15;13,4;26,6;16;11,6;16,5;9,3;9,7;41,6;45,8;64,6;65,7;63,9;67,1;84,3;56,1;22,4;10,4;9,3;1,7;27,2;21,1;57;7,2;63,2;80;9;;13,3;37,9;20,5;39,5;12,1;87;;79,7;1,2;;18,6;94,9;4,9;1,8;3,4;18,8;41,8;24,2;11,8;;7,1;31,4;38,1;14,7;4,1;;;;50,2;26,2;7,3;8,9;16,5;30,2;18,7;34,6;4,9;;4,1;6;0
66;23,1;14,9;43,1;12,8;6,1;1,6;51,1;21,9;14,6;43,7;12,5;7,2;1,5;1,8;18,9;22,2;10,5;47,6;13,8;5,8;1,4;18;24,4;80,4;32,5;29;36,2;28,1;16,2;39,9;28,8;28;27,6;39,4;34,2;63,3;39,8;46,5;59,1;14,8;16,4;34,1;34,1;28,3;37,9;45,2;65,7;11,2;57,9;21,6;14;18,5;19;14,3;17,9;11,5;11,2;17,1;45,9;48,8;60,2;48;48,2;47,7;65,5;46;24,5;12,3;13,9;3,3;25,1;15,5;45,9;12,9;50,9;76,3;13,3;14,6;16,7;33,7;26,1;39,1;18,4;80,5;1;76,7;3,1;;20;83,5;15,7;2,1;9,9;21,6;34,3;23,5;10,7;8,3;12;26,8;29,3;15,1;5;3,5;15,8;16,6;35,9;16,9;6,1;7,9;18,8;29;20,4;31,9;13,1;15,7;13,3;9,9;
67;25,2;14,9;42,6;12;5,3;1,9;52,6;23,6;14,4;43,6;12,3;6,2;1,7;2,2;24,8;23,5;8,7;50,9;13;3,9;1,7;24,7;32,8;73,8;43,6;39,2;48,6;38,2;23;54,2;34,6;24,3;23,6;28,9;41,5;77,1;46,1;57,5;70,6;8,7;13,5;37,4;40,4;27,3;31,2;27,9;50,2;35,2;59,4;23,3;13,7;14,5;20,9;13,9;14,1;11,8;11,8;11,6;48,5;51,1;64,9;58,6;60,4;56,7;59,9;33,4;25;14,5;21,6;5,5;26,9;18;55,8;18,1;67;79,6;17,5;10,4;25,8;40,3;43,1;30;10,7;88,2;1;92,4;0,4;0,7;6,5;94,6;4,1;2,6;5,4;14;38,5;29,3;12,7;3,4;5,5;23,5;42,1;19,7;4,5;1,4;2,7;4,3;43,2;34,1;7,3;7;10,1;21,5;21,5;46,8;13,3;13;15,2;11,9;7,5
68;25,9;14,2;43,7;11,2;5,1;2;50,2;25,3;13,9;43,6;11,2;6;1,9;2,2;29,5;22,9;8,6;49,2;14,2;5,1;1,4;29,3;33,9;68,5;39,7;33,1;46,3;32,6;21,9;48;31,9;27,1;26,1;36;41,3;74,1;46,2;53,2;72;7,4;12,5;33,8;46,2;25,8;36,3;34,5;63,3;19,6;63,2;26;12,8;12,3;22,4;12,5;13,2;13,8;9,9;8;48,9;51,9;68,3;54,8;55,3;54,4;53,3;37,7;23;13,4;20,4;5,5;23,3;15;48;22,2;55;79,2;24,8;18,3;29,9;45,1;42,5;27;17,3;81,5;1,2;84,7;0,3;0,7;14,3;93,2;5,9;2,5;6,2;20,7;34;26,3;12,8;4,2;7,1;25,5;35,1;20,5;6;1,5;7,4;15,2;37,5;21,7;11;6,7;15,4;25,5;21,4;37,6;12,5;13,7;14,4;11,2;5,8
69;26,9;13,9;41,4;11,8;6,1;1,9;52,1;25,1;13,5;41,8;12,8;6,9;1,6;2,3;25,6;21,1;8,2;48,5;15,1;7;1,1;25,2;33,1;71,5;45,1;38,6;52,2;40,3;22,7;55,5;37,4;23,1;23,6;26,4;39,8;76,5;47,6;55,4;72,5;9,2;14,9;36,8;39,1;24,1;28,8;27,7;54,3;34,1;61,9;22,9;14,9;14,4;20,4;15,1;14,6;12,7;11;11,3;47,8;49,9;65;59,2;61,5;56,8;54,4;36,1;22,6;13,7;20,6;7;28,7;20,1;55,6;20,6;65,9;77,2;20,5;20,4;27,6;36,2;43,2;28,2;12,9;86;1;90,8;0,3;0,6;8,2;95,7;2,8;2,6;5,1;16,7;32,8;30;15,3;3,8;7;25,7;38,7;19,7;3,8;1,2;1,5;5,2;46,4;35,3;5,3;3,9;10,8;20,9;19,7;48,6;13,3;14;16,4;11,9;5,7
70;21,3;12,6;45,6;14;6,6;1,3;52,6;19,1;11,5;46,7;15,4;7,3;1,1;1,7;18,8;17,3;8;46,2;18,8;9,7;0,7;18,5;23,6;79,9;38,3;35,2;41,8;27,8;21;47,9;26,1;28,7;27;32;47,4;75,8;38,6;55,9;70,7;5;12,3;32,9;49,7;29,7;39;42,7;69,1;9,8;62,7;27,1;11;8,3;22,3;10,2;8,9;13,4;6,6;8,5;53,6;58,6;71,4;44,2;43,3;45;45,5;46,6;25,9;12,6;11,8;3,1;26;14,5;54,9;9,2;66;77,3;12,4;14,1;16,8;37,1;24,6;35;6,4;93;0,6;87,5;0;;12,3;91,7;7,9;2,1;1,9;18;36,6;27,4;16,1;1,1;5,8;26,3;44,8;15,7;4,7;1,5;;1,7;51,3;42;;;15,7;23,7;20,1;40,5;4,9;4,6;4,6;5,3;3,8
71;24;13,5;41;13,9;7,6;1,4;51,8;21,9;12,4;41,4;15,3;9;1,1;1,9;23,9;21,7;9,2;47,3;14,4;7,4;1,2;23,2;27,9;74,9;41,1;35,9;46,6;35;27,3;49,5;30,3;32,7;33,2;39,1;49,8;76,6;43,9;57,7;72,1;5,8;12,5;33,5;48,2;27;36,2;36,3;71,7;10,8;66,5;27,8;12,1;9,3;23,3;12,8;9,5;12,7;8,7;7,5;50,9;54,4;71,1;48,4;46,4;50,1;46,9;43,1;24,4;13;15,4;4,1;26,7;19,3;54,2;13,2;68,2;80,3;15,4;13,6;22,8;45,3;32;28,6;7,6;91,7;0,7;88,1;;0,6;11,1;88,9;8;2,3;4,4;14,7;36,8;31,6;12,6;3,1;6;23,7;42,8;18,9;3,9;1,5;1,3;4,4;42,3;38,9;4,9;6,6;14,6;25,3;20,5;39,6;6,8;5,9;7,9;5,8;3,4
72;26,7;14,2;40,6;11,7;6,8;1,8;54,1;24,7;13,8;40,5;12,2;8,8;1,5;2,4;18,8;32,7;11,5;46;7,4;2,5;4;18,6;20,7;82,6;40,5;36,4;45,2;28,7;23,8;49;33,4;33,2;34,7;51,2;48,7;80,9;47;64,4;71,6;4,3;13,2;39,8;42,6;29,9;40;35,7;56,5;27,9;53,7;29,7;14;10,2;25,8;14,5;10;15,4;15,4;14,1;46,1;49,8;55,1;50,7;50,7;50,8;58,9;45,7;23,1;12,6;14;4,5;26,6;19;54,7;7,8;65;84,5;4,2;4,1;15,3;40,9;23,2;40,5;8,5;91;0,5;90,9;;;8,3;93,3;5,6;2,2;3,6;16,5;37,5;28,4;14;1;6,5;25,4;44,9;18,5;2,5;1,2;;2,7;52,2;36,6;5,3;2,7;14,8;26,3;21,5;37,4;7,2;7,8;6,3;6,8;7,2
73;24,9;12,8;44,3;12;5,9;1,8;52,1;24,6;11,9;44,3;12,5;6,6;1,6;2;26,7;20;9,6;48,4;15,2;6,8;1,1;25,4;31,5;71;45;39,5;50,7;35,2;25,9;54,4;30,9;28,2;26,7;36,4;42;77,3;40,1;57,1;72;8,5;15,1;35,3;41,1;25,2;30;25,4;67,8;17,9;66,5;26,5;14,6;13,3;22,9;14,7;15,1;15;9,2;7,2;45,7;47,3;68,5;59,3;59,3;59,3;57;40,8;22,6;13,4;18,8;4,4;28,4;17,5;54,3;17,1;64,2;72,2;19;24,8;26;50,4;37,7;24,9;6,6;92,3;;90,1;;;8,4;97,2;2,4;2,4;5,7;17,9;30,7;31,8;14;3,4;10,6;26,1;39,3;16,4;3;;;4,2;51,2;35,3;4,5;;9,7;22,7;20,8;46,8;6,7;8,7;7,5;5,4;
74;23,9;14,5;46,2;11,8;3,5;2;48,1;22,6;13,7;46,9;12,8;4;1,8;2,3;33;19,7;6,6;54,2;14,5;5;1,2;33,3;41,7;63,9;45,3;39,8;50,6;41;31,3;51,5;39,9;23,3;24,7;23;47,7;76,3;51,7;61;71,5;6,7;12,9;36,2;44,2;23,5;31,4;33,1;62,8;13,2;69,1;23,8;13;10,1;21;13,2;9,3;15,9;8,3;5,8;53,1;56,5;70;48,4;55,6;42,4;43,8;34;27;13,2;20,2;5,6;24,2;9,5;44,7;28,4;54;74,7;27,2;43,2;35,7;30,9;54,8;25,8;5,9;93,2;0,9;93,6;0,3;0,5;5,5;96,8;;2,5;17,7;12;31,2;27;12,1;16,3;8,8;17,1;38,3;16,7;2,1;;;1,5;43,4;45,4;7,2;;11,2;22;19;47,7;19;16,3;21,4;13,1;6
75;16,8;14,2;48,3;14,7;6;1,1;51,7;16,1;13,5;48,4;15;7;1;1,3;21,6;14,9;6;55;17,9;6,2;0,7;20,5;31,9;77,2;57,8;56,7;59,1;55,5;24,9;70,5;53,7;16,8;18,1;18,5;37;86,2;65;69,9;74,2;25,2;22,3;35,8;16,6;20,3;19,4;17,8;9,5;72,5;27,6;14,8;15,8;33;13,9;15,4;33,3;9,9;11,8;19,1;36,4;37,3;59,1;70,4;73,3;67,6;71;43,5;25,2;13,3;14,3;3,7;25,2;14,2;52,8;18,1;59;74,6;20,4;14,5;22;37,6;39,2;32;12,9;85,1;2;91;1,1;1,5;6,4;97;0,6;2,2;19,4;29,7;31,9;14,6;4,4;17;18;32,1;20,6;9,7;1,9;0,6;10,9;25,4;21,6;26,8;10,5;3,7;9,9;17,7;16,9;55,6;27;27,4;24,2;18,9;13,2
76;25,2;14,2;42,1;12,6;5,9;1,8;53;23,2;13,4;42,3;13,4;7,6;1,4;2,3;14,3;23,1;9;51;12,3;4,5;1,6;13,4;18;84,8;40,3;36,3;44,8;32,8;22,4;50,4;29,8;28,9;28,7;41;46,5;78,3;42,5;58,7;71,6;5,2;14,2;39,9;40,6;27,4;37,5;35;60,4;26,9;57,5;29,2;13,3;9,9;25,9;13,6;9,9;12,8;11,3;12,7;47,6;50,7;63,3;53;53,7;52,3;56,7;39,9;25,3;14,4;16,3;4,1;27,2;17,1;55,2;9,3;67,6;86;7,2;5;13,8;29,9;21,6;34,8;7,6;91,8;0,6;87,9;0,1;0,4;11,6;93;6,1;2,3;4,3;15,2;34,6;31,3;14,6;2,7;7,6;25,8;39,8;19,3;3,6;1,1;1,9;4,1;43,7;37,7;5,3;6;14,5;25,4;20,5;39,5;7,4;9,8;7,7;6,2;4,8
77;28,4;14,6;43,6;9,6;3,9;2,7;52,4;27,2;13,8;44,4;10;4,6;2,3;3,2;26,4;25;8,7;51,1;11;4,3;1,9;25,9;31;71,4;50,4;45,7;55,7;46,4;24,2;61,8;44,4;21,4;23;25,4;40;80,4;55,3;62,2;72,8;6,9;17,1;41,8;34,1;19,2;24,8;26,4;45,9;43,6;62;22,1;16,8;15,5;19,8;16,5;16,3;13,1;13,4;12;45,6;47,4;61,6;59,9;61,5;58,4;60,7;30,2;22,2;15,9;24,5;7,2;28,7;15,7;53,8;21,2;67,2;82,5;19,9;18;28,3;45,1;43,3;33,4;12,6;86,7;0,8;94,3;0,1;0,4;5,3;95,1;2,9;2,8;6;14,6;37;30,6;11,8;3,7;6,1;24,5;43,4;17,8;3,6;1;0,6;1,2;36,4;46,5;8,1;5,9;10,2;19,9;23,8;46,1;19,7;23,7;21,6;16;11,5
78;26,9;14,6;43,3;11,6;3,7;2,2;50,9;26;14,3;44,6;11,6;3,4;2,2;2,3;28,3;19,6;6,3;49,4;18,3;6,4;0,9;27,8;34,8;67,4;51,9;45,8;58,6;47,3;26,7;63,2;45,5;21,1;22,5;22,5;42,7;82,2;55,3;61,5;76,6;8,9;19,1;39,1;33;18,9;24,3;24,9;46,2;41,7;67,5;21;15,6;15,3;19,8;16,3;15,3;9,8;9,5;9,8;48,2;48,6;70,8;60,3;63,2;57,4;57,6;25,5;22,2;16,8;26,4;9,2;29,1;12,3;52,4;25;68,6;78;24,9;26,9;33,3;45,8;51,5;27,5;9,4;89,8;0,7;95,3;0,1;0,2;4,4;94,9;3,7;3;4,9;13,9;35,7;32,6;13;2,7;6,8;26,8;39,9;18,9;4;1;0,3;1,6;39,8;43,2;4,2;5,1;7,8;19,6;20,9;51,7;21,9;28;23,8;19,2;11,5
79;23,3;13,1;44,6;12,1;6,9;1,5;53;21,9;11,8;44,2;13;9,1;1,2;2;19,8;31,5;9,4;49,4;6,7;;3,7;18,7;19,6;82,3;39,8;36,9;42,9;33,6;28,8;45,3;33,2;32,9;34;49,8;57,3;79,6;47,3;65;74,2;10,3;11,8;35,2;42,6;28,5;42,4;42,6;63;17,8;54,3;28,5;12,4;12,5;23,2;13;12,1;15,2;9,9;14,3;46,7;51,7;60,7;44,1;35,7;51,8;51,8;55,9;22,6;9,7;9,8;2;23,5;11,1;50,6;9;60,9;81;;;15,1;51,6;19;44,3;9,6;89,9;;90,7;;;7,7;85,2;14,4;1,9;6,4;21,6;34,2;26,3;11,5;;7,5;28,9;42,7;11,3;2,8;1,7;9,4;3,5;47,4;31,8;5,3;2;19,7;26,9;19,9;33,5;4,6;;4,4;5,8;
80;26,5;16,7;42,1;10,8;3,9;2,4;53,5;23,4;16,3;43,4;11,9;5;1,9;3,2;14,1;27,4;11,2;49,4;9,8;2,1;2,7;13,7;17,5;85,4;36,1;32,6;40,3;27,5;16,8;46,4;30,2;30,6;29,8;38,7;37,9;73,2;40,9;53,1;66,1;7,5;14,5;40,5;37,4;28,7;38,7;33,6;56,4;27,1;54,9;26,5;14,4;12,4;23,6;14,7;12;14,8;13,9;17,1;46,7;49,6;54,2;59,1;62,1;55,7;70,7;37,1;24,3;14,9;18;5,6;26,9;13,9;56,1;8,2;72;84,4;7,6;4,6;12,4;23,7;20,7;38,1;6,8;92,5;0,7;91,8;;0,6;7,5;87,5;12,1;2,5;7;15;31,7;29,8;16,4;3,4;9,6;24,5;41,2;17,5;2,8;1;0,8;2,4;36,4;50,4;6;3,4;13,6;22,5;20,5;43,5;10,7;11,3;11,2;10,2;6,5
81;22,3;13,4;41,4;13,3;9,7;1,3;54,7;20,1;13;40,5;14,5;12;1;1,7;16,3;24,3;9,4;49,3;11,5;5,5;1,7;15,7;20,7;83,8;39,7;34,1;46,1;30,3;23,8;48,7;29,1;31,4;31,1;37,7;45,6;76,1;46;58,2;70,7;10,4;14,8;38,1;36,3;28,2;37,7;32,6;70,6;8,4;62,9;25,3;14,2;13,3;22,1;14,5;13,2;14,3;10,1;10,1;47,2;50,2;65,5;55,6;56,2;55;43,9;52,2;22,8;11,1;10,8;3,1;25,2;20,5;56,5;8,9;68,7;78,3;8,4;7,9;14;31,7;22,9;38,1;14,2;84,8;1;85,3;;;13,7;81,7;17,3;2;5,6;16,6;34,2;28,1;15,5;5;7,2;25;35,1;19,4;5,6;2,8;8,2;7,3;43,3;29,8;6,1;4,3;20,3;24,7;20,3;34,6;5,1;8;5,1;4,1;
82;20,8;14,9;43,9;12,8;7,5;1,4;52,5;18,7;14,4;43,9;13;10,1;1,1;1,8;27,5;28,5;9,7;49,3;10,1;2,4;2,7;25;29,7;74,8;45,2;41;49,8;31,7;26,1;54,3;40;25,8;26,3;43,5;44,3;76,6;48,5;58,5;70,3;;;;;22,3;29,3;27,4;68,8;7,2;69,3;20,7;16,5;19,3;17,8;17,6;20;8,4;12;10,3;43,4;44,6;69,3;58,1;59,8;56,4;55,4;49,8;24,2;10,9;11,7;3,4;23,6;15,7;57,7;9,8;63,2;86,5;;;20,6;57,2;28,2;29,1;22,6;76,7;;83,3;;;15,2;78;21,7;2;9,3;23,1;30,6;21,9;15,1;5,4;9;22,6;29,9;20;7,8;5,4;26,1;9,6;26,3;17,8;11,4;7,4;20,8;30,4;17,2;31,6;9,5;11,4;11,1;4,9;
83;21,5;13,9;44,4;13,9;6,3;1,4;50,6;19,9;13,3;44,8;14,9;7,1;1,2;1,6;17;17,6;7,3;49,9;17,8;7,4;0,8;16,4;21,9;81,6;42,1;35,9;48,5;33,4;25,2;51,2;31,4;22,8;23;27;46,3;72,7;41,8;54;69,4;10,9;15,3;39,7;33,9;23,7;31,3;34,7;61;14,5;58,2;25,6;15,7;13,3;21,4;16,4;14;11,6;11;8,9;45,4;48,3;68,4;50,6;52,7;48,7;49,8;45,5;23,9;12,7;14,5;3,4;26,2;14,7;49,3;11,8;60,4;70;13,2;15,3;16,4;33,3;25,4;31,5;14,9;84,2;0,9;84,9;1;0,4;13,6;95,4;4;2,2;13,3;24,6;32,1;22,3;7,7;10,8;15,9;25,2;31,5;12,8;2,4;1,3;23,1;11,3;31,5;23,8;3,5;3,5;15,7;24,7;18,9;40,6;16,1;17,9;17,1;11,5;
84;26;12,8;41,6;13,4;6,1;1,7;52,2;24,4;12,7;43;12,6;7,3;1,6;1,9;26,6;23,7;7,9;47,6;16,7;4;1,3;25,6;33,2;71,8;39,7;31,5;49,1;32,5;22,3;49;29,7;28,6;27,6;40,7;44,1;75,2;43,9;53,4;73,6;9,1;13,1;32,6;44,8;25,5;36,3;35,7;76,9;7,7;70,5;22,1;13,7;13;19;15;13,5;11,3;9,2;8,8;51,2;52,4;70,8;52,3;51,7;53;50,9;37,9;23,9;14;19;5,1;28,5;19,5;54,5;16,1;60,9;78,2;18,8;12;25,7;47,7;40,3;28,1;16,7;82,5;0,8;85,5;0,6;0,5;13,5;85,2;14,1;2,4;4,4;13,6;37,4;30,6;14;2,9;6,8;26,2;40;17,4;4,4;2,3;10,8;5,2;44,7;27,9;7,5;3,6;14;24,6;21,6;39,8;11;14,5;13,6;8,9;2,7
85;22,1;13,5;45,8;12,9;5,6;1,6;53,5;19,8;12,3;47,1;13,9;7,1;1,2;2,1;15,5;31;10,5;51,4;;;;15,2;18,5;86,7;45,2;44,2;46,3;36,6;26,6;54,8;32,9;30,3;30;39,1;49,3;82,4;45,9;67,5;71,4;7;15,7;33,3;43,7;29,6;34,5;32,7;76,9;10,1;70,2;31,6;14,4;15,3;27,8;15,7;15,5;22,9;16,9;15,3;38,8;41;44,9;49,8;48,3;51,3;67,6;54,7;21,2;11,3;11,6;;26,7;10,5;53,3;7,4;65,8;77,2;;;12,1;;17,6;44;10,8;88,9;;88;2,8;;8,9;86,9;12,8;1,9;4,6;19,3;35,5;29;11,6;;8,1;26,8;40;18,1;3,4;;3,5;1,4;33,4;46,7;4,3;10,3;16,4;27,2;19,2;37,2;3,7;4,2;3,5;;0,2
86;22,5;16,1;40,9;12,5;8;1,5;54,5;20,6;14,8;40,1;13,8;10,7;1,1;2,1;19,3;32;11,5;47,3;6,6;2,7;4,1;17,7;19,6;82,9;41,4;39,4;43,5;31,4;24,9;49,8;38,5;29,2;27,5;44,2;44,5;78;49,1;60,1;69,1;8,4;15,3;41,3;34,9;30,9;35,5;28;64,4;21;60,1;26;16,2;17,1;23,7;16,3;15,8;14,2;14,2;22,7;40,7;44,3;48,8;58,1;56,6;59,6;62;56;21,3;9,7;9,5;3,5;24,9;17,2;56,5;7,2;68,5;86,9;4,4;4,1;13,9;54,1;20,1;40,4;10,2;89,1;0,7;86;0,5;1,5;11,9;88,8;9,4;1,9;9,4;20,8;38,7;21,3;9,8;6,9;9,3;29,7;36,3;14,3;2,6;0,9;5;3,3;41,4;34,4;11,9;3,7;19,9;26;19,4;34,7;8,5;11,4;7,6;7,4;
87;26,5;13,7;39,4;12,8;7,5;1,7;53,4;23,9;13,1;39,8;13,9;9,4;1,3;2,2;28,4;33,2;9,8;44,3;9,3;3,5;3;27,2;27,8;73,6;38,7;35,8;42,1;29;20,2;48;32,3;28,9;29,3;43,7;41,6;76,7;44,5;58,4;67,9;7,8;12,9;40,3;38,8;29,2;38;31,9;67,3;21,9;61,3;24,9;13,8;12,4;21;13,1;11,8;13,4;10,3;11,8;48,9;54;64,5;57,9;57,4;58,3;55,7;42,7;25,9;11,3;14,9;5,3;28,7;19,2;57,2;12,5;69,7;79,7;11,1;;23,5;54,3;33;34,4;12,8;86,2;0,9;89,9;;;9,5;89,9;9,5;2,3;3,5;15,2;40,1;28,6;12,6;2,5;6,5;27,6;40,5;18,3;3,3;1,3;;6,1;47;40,2;4,3;1,8;13,6;23,6;19,2;43,7;9,7;11,2;10;9;6,6
88;23,2;14,7;40,1;14,4;7,7;1,4;53,3;21;13,4;40,9;15,3;9,4;1,1;1,8;16,6;22,5;9,9;46,9;14,6;6;1,4;15,4;22,5;83;33;28,9;37,6;25,5;18,2;41,5;25,9;30,4;30,3;38,8;42,2;73,1;43,4;53,8;67,3;6,2;12,8;35,2;45,8;29,8;44,9;35,7;69,4;12,3;58,8;27;12,6;9;22,1;13,6;9,3;15,4;11,2;6,9;51,4;55;66,5;55,6;56;55,3;51,7;45;24,1;11,8;15,2;3,9;29,9;21,1;57,6;8,9;67,7;77,9;10,5;;15,2;29,9;24,7;35,4;11,6;87,9;0,6;87,5;;;11,9;88,3;10,6;2,2;3,3;15,4;32,4;30,9;18;2,1;7,5;18,1;43,1;20,6;6,2;2,3;;;54,4;31,6;4;6,3;13,1;24,6;20,6;41,6;5,9;5,6;6,5;6,3;
89;26,9;12,9;42,3;12,9;5;1,9;52,7;24,2;12;44,4;13,4;5,9;1,6;2,4;22,7;29,1;7,3;48,3;11;4,4;2,1;21,5;27,7;77,2;38,8;35,1;43,2;38,6;21,5;46,7;31,8;31,4;30,9;38,8;44,1;76,1;45,4;58,9;70,4;5,7;12,1;36,9;45,1;27,6;39,2;39,3;66,4;13,7;60,1;27,7;12,1;9,5;24,3;12,4;10,6;14,1;13,6;11,5;50,6;52,7;60,7;49,1;45,3;52,8;50,3;41,4;23,9;12,9;17,3;4,4;28,2;15,6;53,3;12,2;66,1;75,8;8,3;14,6;20,8;36,8;33,7;36;8,8;90,8;;90,6;;;8,9;91,2;8,3;2,3;4,5;16,3;37;29,1;13,1;2,2;9,4;26,4;37,3;18,3;4,8;1,4;;1,2;51,6;29,9;7,4;8;14,5;26;24,3;35,3;8,1;7,8;9,2;8,4;
90;22,4;14,5;40,4;14,5;8,2;1,3;51,7;21,2;12,9;40,7;15,8;9,4;1,1;1,6;21;17,6;11,4;46,4;16;8,5;0,9;20,6;28;77,2;41,4;35,5;47,6;28,8;24,7;50,6;33,6;29,6;27,2;35;42,1;77,2;45,5;56,9;69,9;10,4;16;35,5;38,1;23,3;34,3;24,7;66,1;19,1;64,5;26,8;12,8;15,8;23,4;12,1;16;13,9;9,2;12,2;44,5;48,5;64,6;63,4;59,2;66,9;68,8;44;25,7;11,6;15,3;3,3;25,3;19,6;53,5;11,7;63,3;82,5;6,9;11;19,7;38,9;30,9;27,4;19,1;80,2;;89,5;;;9,9;93,6;5,1;2,2;6,1;14,7;32,6;33,2;13,4;;6,3;26,3;41;15,7;4,2;1,8;;2,9;45,4;39,1;7,2;4,3;16;23,6;18,4;42,1;6,5;8;8,6;4,5;3
91;28,3;14,8;44,7;9,1;3,1;3;51,5;27,4;14,5;45,6;9;3,5;2,8;3,2;27,9;26,7;8,3;53;9,2;2,9;2,6;27,2;33,1;70,4;53,8;48,3;59,8;51,2;24,7;65,2;51,4;19,4;20,3;21,6;38,6;81,5;61;63,7;73,9;9;20,1;40,4;30,4;18;21,4;21,8;43,1;46,3;64,2;21,3;18,1;19,6;20,2;19;19,4;13,4;14,8;15,7;41;41,4;56,2;65;66,5;63,4;63,3;27,9;20,9;16,8;25,3;9;26,4;12,4;52,2;18,4;63,9;79,3;15;12,5;28,8;45,8;46,6;30,9;17,4;81,6;0,9;94,5;0,3;0,2;5,1;96,1;2,7;2,9;6,2;15,1;33,7;31,9;13,1;3,4;8,1;24,2;41,2;18,4;3,6;1,1;0,5;2,5;42,8;41;5,9;5,7;10,2;21,2;22,5;46,2;22,1;27,9;25,1;17,2;10,7
92;22,2;14,4;45,5;12,7;5,3;1,6;51,4;21,4;13,9;46,2;12,8;5,8;1,5;1,8;24,2;16,2;6,4;51,3;18,3;7,8;0,7;23,5;33,3;72,8;55,1;51,6;58,8;52,4;25,1;67,6;50,1;16;16,9;17,2;40,5;84,6;61,7;66,3;75,6;13,3;19,9;42,9;23,9;17,7;22;21,4;28,6;57,5;51,4;20,9;16,2;20,7;19,3;16,8;21,2;12,5;12;15,3;42,1;42,7;60,2;65,3;68,8;61,9;63,9;34,7;23,7;15,1;20,6;5,9;27;16,3;54;24,4;65,4;76,3;25,7;22,3;26,6;31,7;44,8;31,9;7,6;91,2;1,2;93,3;;0,4;5,6;97,5;1,2;2,6;9,5;22,9;35,4;24,5;7,7;5,9;11,4;32,5;35;12,2;2,4;0,6;1,4;9,2;46,3;32,3;5,6;3;7,5;19;17,9;55,7;23,2;27,6;23,6;17,8;10,3
93;25;14;46,7;10,4;3,9;2,2;50,4;24,5;13,7;46,9;10,4;4,6;2,1;2,4;31;21,2;7,3;55,9;11,6;3,9;1,6;28,9;37,6;66,2;52,2;47,4;57,1;49,8;23,1;62,8;49,4;18;19;19,9;38,2;81,6;61,5;63,7;74,8;12;18,2;40,4;29,4;19,1;24,4;23,9;28,5;60;50,4;18,1;16,4;18,6;16,9;16,9;19,4;11,2;11,6;11,8;46,9;46,8;65,4;64;67;61,1;56,5;30,9;22,8;16,4;23,2;6,7;23,8;13,9;49,8;25,3;62,2;78,5;22,9;17,9;33,2;44,8;51,8;30,2;16,4;82,2;1,4;94,3;0,3;0,4;5,1;92,7;5,2;2,7;9,9;23,3;36,2;22,8;7,9;8,7;11,6;29,8;32,4;13,1;3,2;1,2;2,8;7,6;40,3;32,1;7,9;7,3;10,4;21,9;20,5;47,2;28,4;33,4;28,7;19,9;11,6
94;24;14,3;45,5;11,5;4,7;1,9;51,2;22,8;13,7;46,4;11,4;5,6;1,7;2,1;27;21,5;7,6;53,5;12,8;4,5;1,4;25,8;33,5;71,2;54,9;51,4;58,6;53,8;26,3;66,1;52;16,4;18,3;18,3;40;83;62,4;65,8;74,3;10,7;19,5;42,4;27,4;18,8;21,4;21,3;31,9;55,9;54,8;21,2;16,2;18,8;20;16,2;19,4;12,6;12,5;14,7;43,8;44,4;60,2;63,5;66,7;60,4;63,6;33,5;22,8;15,5;22;6,2;26,7;16;53,2;21,7;62,1;80,2;21,2;15,5;28,8;48,3;45,3;32;9,5;89,6;0,9;94,8;0,5;0,4;4,4;94,3;2,1;2,6;9,1;19,6;35,5;27,8;7,9;8;10,7;28,6;33,9;14,7;3;1,1;2,1;7,1;53,5;24,6;5;5,6;9;18,9;20,4;51,7;23;26,6;23,8;18,3;11,4
95;26,6;14,5;44,6;10,4;3,8;2,4;51,3;25,7;14;45,6;10,4;4,3;2,2;2,6;25,9;22,4;7,4;54,5;11,5;4,1;1,6;24,9;34,5;71,5;52,9;47,5;58,8;51,3;25;64,3;49;17,3;19,1;19;39,5;81,1;60,9;62,6;74,8;9,4;18,7;41,3;30,5;18,2;22,5;23,2;38,9;50,9;63,2;21,3;17,1;17,6;19,8;17,9;17,7;12,7;12,4;12,5;44;44,6;62,4;62,9;65,3;60,7;58,4;26,5;21,9;16,5;26,7;8,4;28,9;15,6;53,4;20,1;64,7;78,5;16,7;13,1;28,1;42;49,1;29,4;18,2;80,8;1;94,4;0,1;0,3;5,1;93,1;5;2,9;6,1;13,8;37,2;30,8;12,1;4;6,2;25,9;42,1;16,4;4,1;1,3;0,7;2,6;45,6;39,2;5,9;4,7;8,7;18,7;20,4;52,2;23,9;29,9;28,1;17,7;10,7
971;20,6;13,9;41,5;15,6;8,4;1,2;56,4;17,9;12,5;43,9;16;9,8;1;1,5;10,4;30,1;;49,2;;;;11,3;9,2;90,6;39,4;38;41,3;22,3;14;47,9;43,8;19,1;20,3;;35;83;59,4;67,4;67,1;;;;;22,1;40,8;30,8;73,6;11,1;52,3;21;15,7;13,9;19;16,4;14,4;;;;49,5;50,1;80,7;64;66,1;61,9;;42,7;27,5;15,7;12,3;;31,4;19,9;55,3;6,2;60;72,1;;;9,8;;12;;34,2;61,7;4,1;78,2;;;17,4;54,9;44,7;2,1;;13,3;38,1;31,2;13,5;;;26,3;31;18,5;5,8;3,2;;;28,6;35,9;22;;10,6;18,7;16,9;53,8;;;;;
972;18,5;12,6;43,2;15,4;10,3;1;54,6;16,3;11,4;44,9;15,6;11,7;0,8;1,2;10,3;28,6;;50,7;;;;11,4;10,4;90,9;42,4;40,9;44,3;;;50,6;46,2;21;23;;37,3;81,1;61,4;67,7;68,1;;;;;22;36,9;35,5;63,6;20,2;48,5;21,6;15,2;11,3;18,2;16,2;12,9;;;;51,9;52,7;76,2;57,6;57;58,1;;45;27;14,9;11;;29,4;21,9;49,8;;53,4;66,1;;;10,3;;13,1;;33,8;58,5;7,6;74,6;;;23,7;49,6;49,7;2;;17,3;35,5;27,2;13,9;;14,7;25,1;30;15,4;;;;;37,3;29;;;12,1;17,3;16,1;54,5;;;;;
973;35,8;17,7;38,5;6,3;1,7;5,8;53;33,2;17,4;41,5;5,9;2;5,5;6,2;42,1;35,1;12,1;45,7;6,1;;5,9;43,5;33,6;55,4;36,3;30,8;43;22,2;13,6;46,3;44,4;25,6;26,8;33;34,5;78,7;61,8;60,4;67,3;;;;;16,8;42,6;38,2;72,2;4,3;51,8;17,8;12,8;12;14,2;12,1;12,7;9,6;6,6;;57,4;60,9;81,1;55,5;56,5;54,3;48,9;22,7;20,1;17,7;23,4;16;22,9;8,9;46,1;34;57,5;69,1;31;;44,8;60,6;52,4;;34,8;55,9;9,3;87,4;;;11,1;40,1;54,9;3,4;;18,8;28,4;28,1;16,3;;14;20,7;24,8;18,6;7,5;3,8;;;8,3;27,2;36,9;19,5;18,1;26,1;19;36,8;;;;;
978;29,3;15,7;44,5;9;;;53,1;25,8;14;49,2;;;;;38,7;26,2;;54,4;;;;43,3;35,9;57,3;37,5;32,3;44,1;33,3;;45,8;41,3;;;;38,9;83,6;66,2;68,8;71,4;;;;;;46,1;41,2;69;;59,4;26,1;11,4;;23,1;;;;;;58,7;61,2;73,7;51,7;51,9;51,5;;22,4;24,1;20,3;26,3;;;;;47,3;;;;;48;;55,3;;34,2;61,8;;84,4;;;;56,9;40,9;2,9;;;29,8;25,1;21,9;;;27,9;27,7;;;;;;;38,9;35,8;;;18,9;17,8;54,5;;;;;
